<Stats BUILD_NAME="Noita-Build-Apr  8 2024-18:11:27" >
  <stats biomes_visited_with_wands="5" damage_taken="16.6046" dead="1" death_count="0" death_pos.x="228.36" death_pos.y="5280.85" enemies_killed="92" gold="231" gold_all="1281" gold_infinite="0" healed="0" heart_containers="0" hp="100" items="14" kicks="2" killed_by="Kranuhiisi | projectile" killed_by_extra="" places_visited="5" playtime="1483.68" playtime_str="0:24:43" projectiles_shot="1213" streaks="0" teleports="0" wands_edited="2" world_seed="2092289213" >
  </stats>
  <biome_baseline biomes_visited_with_wands="4" damage_taken="10.2991" dead="0" death_count="0" death_pos.x="0" death_pos.y="0" enemies_killed="84" gold="141" gold_all="1191" gold_infinite="0" healed="0" heart_containers="0" hp="100" items="14" kicks="1" killed_by="" killed_by_extra="" places_visited="4" playtime="1450.83" playtime_str="0:24:10" projectiles_shot="1201" streaks="0" teleports="0" wands_edited="2" world_seed="2092289213" >
  </biome_baseline>
  <item_map>
  </item_map>
  <biomes_visited>
    <E key="$biome_coalmine" value="1" >
    </E>
    <E key="$biome_excavationsite" value="1" >
    </E>
    <E key="$biome_holymountain" value="1" >
    </E>
    <E key="$biome_snowcastle" value="1" >
    </E>
    <E key="$biome_snowcave" value="1" >
    </E>
  </biomes_visited>
</Stats>
