<Stats BUILD_NAME="Noita-Build-Apr  8 2024-18:11:27" >
  <stats biomes_visited_with_wands="5" damage_taken="15.9898" dead="1" death_count="0" death_pos.x="155.074" death_pos.y="5694.86" enemies_killed="34" gold="567" gold_all="887" gold_infinite="0" healed="0" heart_containers="0" hp="100" items="14" kicks="0" killed_by="Kranuhiisi | projectile" killed_by_extra="" places_visited="5" playtime="977.15" playtime_str="0:16:17" projectiles_shot="8127" streaks="0" teleports="0" wands_edited="3" world_seed="431351719" >
  </stats>
  <biome_baseline biomes_visited_with_wands="4" damage_taken="10.2408" dead="0" death_count="0" death_pos.x="0" death_pos.y="0" enemies_killed="33" gold="237" gold_all="557" gold_infinite="0" healed="0" heart_containers="0" hp="100" items="11" kicks="0" killed_by="" killed_by_extra="" places_visited="4" playtime="899.667" playtime_str="0:14:59" projectiles_shot="7559" streaks="0" teleports="0" wands_edited="3" world_seed="431351719" >
  </biome_baseline>
  <item_map>
  </item_map>
  <biomes_visited>
    <E key="$biome_coalmine" value="1" >
    </E>
    <E key="$biome_excavationsite" value="1" >
    </E>
    <E key="$biome_holymountain" value="1" >
    </E>
    <E key="$biome_snowcastle" value="1" >
    </E>
    <E key="$biome_snowcave" value="1" >
    </E>
  </biomes_visited>
</Stats>
