<Stats deaths="1" kills="79" player_kills="0" player_projectile_count="0" >
  <death_map>
    <E key="sniper | $damage_projectile" value="1" >
    </E>
  </death_map>
  <kill_map>
    <E key="acidshooter_weak" value="1" >
    </E>
    <E key="acidshot" value="2" >
    </E>
    <E key="bat" value="7" >
    </E>
    <E key="bigfirebug" value="1" >
    </E>
    <E key="drone_lasership" value="1" >
    </E>
    <E key="firebug" value="2" >
    </E>
    <E key="firemage_weak" value="2" >
    </E>
    <E key="fish" value="1" >
    </E>
    <E key="giant" value="1" >
    </E>
    <E key="goblin_bomb" value="1" >
    </E>
    <E key="icemage" value="1" >
    </E>
    <E key="iceskull" value="3" >
    </E>
    <E key="miner" value="5" >
    </E>
    <E key="miner_weak" value="5" >
    </E>
    <E key="pebble_physics" value="2" >
    </E>
    <E key="plague_rats_rat" value="1" >
    </E>
    <E key="rat" value="1" >
    </E>
    <E key="scavenger_grenade" value="10" >
    </E>
    <E key="scavenger_smg" value="8" >
    </E>
    <E key="shotgunner" value="8" >
    </E>
    <E key="shotgunner_weak" value="1" >
    </E>
    <E key="slimeshooter" value="2" >
    </E>
    <E key="sniper" value="3" >
    </E>
    <E key="tank_rocket" value="1" >
    </E>
    <E key="zombie_weak" value="9" >
    </E>
  </kill_map>
</Stats>
