<Stats BUILD_NAME="Noita-Build-Apr  8 2024-18:11:27" >
  <stats biomes_visited_with_wands="5" damage_taken="15.3571" dead="1" death_count="0" death_pos.x="370" death_pos.y="3257.55" enemies_killed="54" gold="494" gold_all="764" gold_infinite="0" healed="0" heart_containers="0" hp="100" items="9" kicks="5" killed_by="Jäätiö | melee" killed_by_extra="" places_visited="5" playtime="926.95" playtime_str="0:15:26" projectiles_shot="1388" streaks="0" teleports="0" wands_edited="4" world_seed="486146245" >
  </stats>
  <biome_baseline biomes_visited_with_wands="4" damage_taken="9.47712" dead="0" death_count="0" death_pos.x="0" death_pos.y="0" enemies_killed="50" gold="464" gold_all="734" gold_infinite="0" healed="0" heart_containers="0" hp="100" items="7" kicks="5" killed_by="" killed_by_extra="" places_visited="4" playtime="888.3" playtime_str="0:14:48" projectiles_shot="1302" streaks="0" teleports="0" wands_edited="4" world_seed="486146245" >
  </biome_baseline>
  <item_map>
  </item_map>
  <biomes_visited>
    <E key="$biome_coalmine" value="1" >
    </E>
    <E key="$biome_coalmine_alt" value="1" >
    </E>
    <E key="$biome_excavationsite" value="1" >
    </E>
    <E key="$biome_holymountain" value="1" >
    </E>
    <E key="$biome_snowcave" value="1" >
    </E>
  </biomes_visited>
</Stats>
