<Stats BUILD_NAME="Noita-Build-Apr 30 2024-14:49:50" >
  <stats biomes_visited_with_wands="5" damage_taken="22.954" dead="1" death_count="0" death_pos.x="964.326" death_pos.y="5544.3" enemies_killed="92" gold="481" gold_all="1551" gold_infinite="0" healed="0" heart_containers="0" hp="100" items="20" kicks="6" killed_by=" | explosion" killed_by_extra="" places_visited="5" playtime="1570.9" playtime_str="0:26:10" projectiles_shot="1954" streaks="0" teleports="0" wands_edited="4" world_seed="937170189" >
  </stats>
  <biome_baseline biomes_visited_with_wands="4" damage_taken="11.059" dead="0" death_count="0" death_pos.x="0" death_pos.y="0" enemies_killed="92" gold="441" gold_all="1511" gold_infinite="0" healed="0" heart_containers="0" hp="100" items="20" kicks="6" killed_by="" killed_by_extra="" places_visited="4" playtime="1497.65" playtime_str="0:24:57" projectiles_shot="1868" streaks="0" teleports="0" wands_edited="4" world_seed="937170189" >
  </biome_baseline>
  <item_map>
  </item_map>
  <biomes_visited>
    <E key="$biome_coalmine" value="1" >
    </E>
    <E key="$biome_excavationsite" value="1" >
    </E>
    <E key="$biome_holymountain" value="1" >
    </E>
    <E key="$biome_snowcastle" value="1" >
    </E>
    <E key="$biome_snowcave" value="1" >
    </E>
  </biomes_visited>
</Stats>
