<Stats deaths="1" kills="56" player_kills="0" player_projectile_count="0" >
  <death_map>
    <E key="NULL | damage from material: acid" value="1" >
    </E>
  </death_map>
  <kill_map>
    <E key="bat" value="7" >
    </E>
    <E key="bigbat" value="1" >
    </E>
    <E key="bigfirebug" value="1" >
    </E>
    <E key="firebug" value="1" >
    </E>
    <E key="longleg" value="20" >
    </E>
    <E key="miner" value="3" >
    </E>
    <E key="miner_weak" value="5" >
    </E>
    <E key="shotgunner" value="3" >
    </E>
    <E key="shotgunner_weak" value="2" >
    </E>
    <E key="slime" value="1" >
    </E>
    <E key="slimeshooter" value="1" >
    </E>
    <E key="slimeshooter_weak" value="4" >
    </E>
    <E key="zombie_weak" value="7" >
    </E>
  </kill_map>
</Stats>
