<Stats deaths="1" kills="14" player_kills="0" player_projectile_count="0" >
  <death_map>
    <E key="NULL | $damage_fire" value="1" >
    </E>
  </death_map>
  <kill_map>
    <E key="firemage_weak" value="2" >
    </E>
    <E key="giantshooter_weak" value="1" >
    </E>
    <E key="longleg" value="2" >
    </E>
    <E key="miner_weak" value="5" >
    </E>
    <E key="slimeshooter_weak" value="1" >
    </E>
    <E key="zombie_weak" value="3" >
    </E>
  </kill_map>
</Stats>
