<Stats deaths="1" kills="59" player_kills="0" player_projectile_count="0" >
  <death_map>
    <E key="NULL | $damage_explosion" value="1" >
    </E>
  </death_map>
  <kill_map>
    <E key="bat" value="3" >
    </E>
    <E key="bigbat" value="1" >
    </E>
    <E key="bigfirebug" value="1" >
    </E>
    <E key="cocktail" value="1" >
    </E>
    <E key="firebug" value="11" >
    </E>
    <E key="firebugnest" value="1" >
    </E>
    <E key="glitter_bomb" value="1" >
    </E>
    <E key="goblin_bomb" value="1" >
    </E>
    <E key="longleg" value="10" >
    </E>
    <E key="miner" value="4" >
    </E>
    <E key="miner_fire" value="1" >
    </E>
    <E key="miner_weak" value="4" >
    </E>
    <E key="rat" value="2" >
    </E>
    <E key="shotgunner" value="2" >
    </E>
    <E key="slimeshooter" value="1" >
    </E>
    <E key="slimeshooter_weak" value="4" >
    </E>
    <E key="zombie_weak" value="11" >
    </E>
  </kill_map>
</Stats>
