<Stats deaths="1" kills="92" player_kills="0" player_projectile_count="0" >
  <death_map>
    <E key="NULL | $damage_explosion" value="1" >
    </E>
  </death_map>
  <kill_map>
    <E key="acidshooter_weak" value="2" >
    </E>
    <E key="acidshot" value="1" >
    </E>
    <E key="bat" value="8" >
    </E>
    <E key="bigfirebug" value="2" >
    </E>
    <E key="firebug" value="12" >
    </E>
    <E key="firemage_weak" value="1" >
    </E>
    <E key="giantshooter_weak" value="1" >
    </E>
    <E key="iceskull" value="1" >
    </E>
    <E key="longleg" value="24" >
    </E>
    <E key="miner" value="5" >
    </E>
    <E key="miner_weak" value="9" >
    </E>
    <E key="rat" value="4" >
    </E>
    <E key="scavenger_grenade" value="1" >
    </E>
    <E key="scavenger_smg" value="3" >
    </E>
    <E key="shotgunner" value="2" >
    </E>
    <E key="shotgunner_weak" value="2" >
    </E>
    <E key="slimeshooter" value="3" >
    </E>
    <E key="slimeshooter_weak" value="3" >
    </E>
    <E key="slimespirit" value="1" >
    </E>
    <E key="zombie_weak" value="7" >
    </E>
  </kill_map>
</Stats>
