<Stats deaths="1" kills="94" player_kills="0" player_projectile_count="0" >
  <death_map>
    <E key="NULL | $damage_explosion" value="1" >
    </E>
  </death_map>
  <kill_map>
    <E key="acidshooter_weak" value="1" >
    </E>
    <E key="alchemist" value="1" >
    </E>
    <E key="bat" value="3" >
    </E>
    <E key="bigfirebug" value="2" >
    </E>
    <E key="bomb" value="1" >
    </E>
    <E key="firebug" value="7" >
    </E>
    <E key="fireskull" value="1" >
    </E>
    <E key="giant" value="2" >
    </E>
    <E key="glitter_bomb" value="1" >
    </E>
    <E key="iceskull" value="3" >
    </E>
    <E key="longleg" value="3" >
    </E>
    <E key="miner" value="5" >
    </E>
    <E key="miner_fire" value="2" >
    </E>
    <E key="miner_weak" value="10" >
    </E>
    <E key="pebble_physics" value="22" >
    </E>
    <E key="potion_aggressive" value="1" >
    </E>
    <E key="rat" value="5" >
    </E>
    <E key="scavenger_grenade" value="1" >
    </E>
    <E key="scavenger_heal" value="1" >
    </E>
    <E key="scavenger_smg" value="3" >
    </E>
    <E key="shotgunner" value="7" >
    </E>
    <E key="shotgunner_weak" value="1" >
    </E>
    <E key="slimeshooter" value="2" >
    </E>
    <E key="slimeshooter_weak" value="3" >
    </E>
    <E key="slimespirit" value="1" >
    </E>
    <E key="zombie_weak" value="5" >
    </E>
  </kill_map>
</Stats>
