<Stats BUILD_NAME="Noita-Build-Apr  8 2024-18:11:27" >
  <stats biomes_visited_with_wands="10" damage_taken="18.7805" dead="1" death_count="0" death_pos.x="-5857.95" death_pos.y="5824.47" enemies_killed="102" gold="594" gold_all="1214" gold_infinite="0" healed="0" heart_containers="0" hp="100" items="12" kicks="1" killed_by=" | damage from material: lava" killed_by_extra="" places_visited="10" playtime="2039.57" playtime_str="0:33:59" projectiles_shot="20634" streaks="0" teleports="0" wands_edited="4" world_seed="400087860" >
  </stats>
  <biome_baseline biomes_visited_with_wands="3" damage_taken="9.60059" dead="0" death_count="0" death_pos.x="0" death_pos.y="0" enemies_killed="78" gold="100" gold_all="720" gold_infinite="0" healed="0" heart_containers="0" hp="100" items="7" kicks="0" killed_by="" killed_by_extra="" places_visited="3" playtime="1399.88" playtime_str="0:23:19" projectiles_shot="3108" streaks="0" teleports="0" wands_edited="4" world_seed="400087860" >
  </biome_baseline>
  <item_map>
  </item_map>
  <biomes_visited>
    <E key="$biome_coalmine" value="1" >
    </E>
    <E key="$biome_excavationsite" value="1" >
    </E>
    <E key="$biome_holymountain" value="1" >
    </E>
    <E key="$biome_orbroom" value="1" >
    </E>
    <E key="$biome_snowcave" value="1" >
    </E>
    <E key="$biome_wandcave" value="1" >
    </E>
    <E key="$biome_winter" value="1" >
    </E>
    <E key="$biome_winter_caves" value="1" >
    </E>
    <E key="$biome_wizardcave" value="1" >
    </E>
    <E key="???" value="1" >
    </E>
  </biomes_visited>
</Stats>
