<Stats BUILD_NAME="Noita-Build-Apr  8 2024-18:11:27" >
  <stats biomes_visited_with_wands="3" damage_taken="8.20653" dead="1" death_count="0" death_pos.x="-62.8415" death_pos.y="2402.01" enemies_killed="32" gold="204" gold_all="434" gold_infinite="0" healed="0" heart_containers="0" hp="100" items="9" kicks="4" killed_by=" | fire" killed_by_extra="" places_visited="3" playtime="584.683" playtime_str="0:09:44" projectiles_shot="589" streaks="0" teleports="0" wands_edited="2" world_seed="617039880" >
  </stats>
  <biome_baseline biomes_visited_with_wands="2" damage_taken="3.80533" dead="0" death_count="0" death_pos.x="0" death_pos.y="0" enemies_killed="26" gold="74" gold_all="304" gold_infinite="0" healed="0" heart_containers="0" hp="100" items="8" kicks="4" killed_by="" killed_by_extra="" places_visited="2" playtime="464.417" playtime_str="0:07:44" projectiles_shot="386" streaks="0" teleports="0" wands_edited="2" world_seed="617039880" >
  </biome_baseline>
  <item_map>
  </item_map>
  <biomes_visited>
    <E key="$biome_coalmine" value="1" >
    </E>
    <E key="$biome_excavationsite" value="1" >
    </E>
    <E key="$biome_holymountain" value="1" >
    </E>
  </biomes_visited>
</Stats>
