<Stats BUILD_NAME="Noita-Build-Apr  8 2024-18:11:27" >
  <stats biomes_visited_with_wands="5" damage_taken="12.6893" dead="1" death_count="0" death_pos.x="-2228.62" death_pos.y="2351.38" enemies_killed="79" gold="1111" gold_all="1256" gold_infinite="0" healed="0" heart_containers="0" hp="100" items="9" kicks="1" killed_by=" | heavy impact" killed_by_extra="" places_visited="5" playtime="4748.67" playtime_str="1:19:08" projectiles_shot="1725" streaks="0" teleports="0" wands_edited="2" world_seed="1024982246" >
  </stats>
  <biome_baseline biomes_visited_with_wands="3" damage_taken="3.18333" dead="0" death_count="0" death_pos.x="0" death_pos.y="0" enemies_killed="38" gold="763" gold_all="908" gold_infinite="0" healed="0" heart_containers="0" hp="100" items="7" kicks="1" killed_by="" killed_by_extra="" places_visited="3" playtime="645.567" playtime_str="0:10:45" projectiles_shot="1288" streaks="0" teleports="0" wands_edited="2" world_seed="1024982246" >
  </biome_baseline>
  <item_map>
  </item_map>
  <biomes_visited>
    <E key="$biome_coalmine" value="1" >
    </E>
    <E key="$biome_coalmine_alt" value="1" >
    </E>
    <E key="$biome_excavationsite" value="1" >
    </E>
    <E key="$biome_fungicave" value="1" >
    </E>
    <E key="$biome_holymountain" value="1" >
    </E>
  </biomes_visited>
</Stats>
