<Stats deaths="1" kills="33" player_kills="1" player_projectile_count="0" >
  <death_map>
    <E key="player | $damage_slice" value="1" >
    </E>
  </death_map>
  <kill_map>
    <E key="bat" value="9" >
    </E>
    <E key="firebug" value="3" >
    </E>
    <E key="fish" value="2" >
    </E>
    <E key="iceskull" value="1" >
    </E>
    <E key="longleg" value="2" >
    </E>
    <E key="miner_weak" value="3" >
    </E>
    <E key="player" value="1" >
    </E>
    <E key="shotgunner_weak" value="4" >
    </E>
    <E key="slimeshooter" value="1" >
    </E>
    <E key="slimeshooter_weak" value="1" >
    </E>
    <E key="zombie_weak" value="6" >
    </E>
  </kill_map>
</Stats>
