<Stats BUILD_NAME="Noita-Build-Apr  8 2024-18:11:27" >
  <stats biomes_visited_with_wands="2" damage_taken="7.29816" dead="1" death_count="0" death_pos.x="-140.281" death_pos.y="4029.57" enemies_killed="4" gold="351" gold_all="551" gold_infinite="0" healed="0" heart_containers="0" hp="100" items="3" kicks="0" killed_by="Ukko | electricity" killed_by_extra="" places_visited="2" playtime="145.9" playtime_str="0:02:25" projectiles_shot="105" streaks="0" teleports="0" wands_edited="0" world_seed="90344310" >
  </stats>
  <biome_baseline biomes_visited_with_wands="1" damage_taken="0" dead="0" death_count="0" death_pos.x="0" death_pos.y="0" enemies_killed="0" gold="71" gold_all="271" gold_infinite="0" healed="0" heart_containers="0" hp="100" items="2" kicks="0" killed_by="" killed_by_extra="" places_visited="1" playtime="47.15" playtime_str="0:00:47" projectiles_shot="9" streaks="0" teleports="0" wands_edited="0" world_seed="90344310" >
  </biome_baseline>
  <item_map>
  </item_map>
  <biomes_visited>
    <E key="$biome_holymountain" value="1" >
    </E>
    <E key="$biome_snowcave" value="1" >
    </E>
  </biomes_visited>
</Stats>
