<Stats deaths="1" kills="33" player_kills="0" player_projectile_count="0" >
  <death_map>
    <E key="playerghost | $damage_slice" value="1" >
    </E>
  </death_map>
  <kill_map>
    <E key="acidshooter_weak" value="1" >
    </E>
    <E key="acidshot" value="1" >
    </E>
    <E key="bigfirebug" value="1" >
    </E>
    <E key="firemage_weak" value="1" >
    </E>
    <E key="longleg" value="9" >
    </E>
    <E key="miner_weak" value="6" >
    </E>
    <E key="shotgunner_weak" value="3" >
    </E>
    <E key="slimeshooter_weak" value="3" >
    </E>
    <E key="zombie_weak" value="8" >
    </E>
  </kill_map>
</Stats>
