<Stats BUILD_NAME="Noita-Build-Apr 30 2024-14:49:50" >
  <stats biomes_visited_with_wands="4" damage_taken="12.8511" dead="1" death_count="0" death_pos.x="-1.21888" death_pos.y="3346.19" enemies_killed="33" gold="59" gold_all="994" gold_infinite="0" healed="0" heart_containers="0" hp="100" items="9" kicks="0" killed_by="Minä | slice" killed_by_extra="" places_visited="4" playtime="671.867" playtime_str="0:11:11" projectiles_shot="655" streaks="0" teleports="0" wands_edited="2" world_seed="1640941115" >
  </stats>
  <biome_baseline biomes_visited_with_wands="3" damage_taken="8.43967" dead="0" death_count="0" death_pos.x="0" death_pos.y="0" enemies_killed="31" gold="49" gold_all="984" gold_infinite="0" healed="0" heart_containers="0" hp="100" items="9" kicks="0" killed_by="" killed_by_extra="" places_visited="3" playtime="639.95" playtime_str="0:10:39" projectiles_shot="601" streaks="0" teleports="0" wands_edited="2" world_seed="1640941115" >
  </biome_baseline>
  <item_map>
  </item_map>
  <biomes_visited>
    <E key="$biome_coalmine" value="1" >
    </E>
    <E key="$biome_excavationsite" value="1" >
    </E>
    <E key="$biome_holymountain" value="1" >
    </E>
    <E key="$biome_snowcave" value="1" >
    </E>
  </biomes_visited>
</Stats>
