<Stats deaths="1" kills="92" player_kills="0" player_projectile_count="0" >
  <death_map>
    <E key="scavenger_grenade | $damage_projectile" value="1" >
    </E>
  </death_map>
  <kill_map>
    <E key="bat" value="16" >
    </E>
    <E key="bigbat" value="1" >
    </E>
    <E key="firebug" value="5" >
    </E>
    <E key="goblin_bomb" value="2" >
    </E>
    <E key="iceskull" value="3" >
    </E>
    <E key="longleg" value="9" >
    </E>
    <E key="miner" value="2" >
    </E>
    <E key="miner_weak" value="3" >
    </E>
    <E key="potion" value="1" >
    </E>
    <E key="rat" value="4" >
    </E>
    <E key="scavenger_glue" value="1" >
    </E>
    <E key="scavenger_grenade" value="13" >
    </E>
    <E key="scavenger_leader" value="1" >
    </E>
    <E key="scavenger_smg" value="8" >
    </E>
    <E key="shotgunner" value="6" >
    </E>
    <E key="shotgunner_weak" value="6" >
    </E>
    <E key="slimeshooter_weak" value="1" >
    </E>
    <E key="sniper" value="1" >
    </E>
    <E key="tank" value="1" >
    </E>
    <E key="thundermage" value="1" >
    </E>
    <E key="tnt" value="1" >
    </E>
    <E key="zombie_weak" value="6" >
    </E>
  </kill_map>
</Stats>
