<Stats BUILD_NAME="Noita-Build-Apr  8 2024-18:11:27" >
  <stats biomes_visited_with_wands="5" damage_taken="9.67013" dead="1" death_count="0" death_pos.x="108.241" death_pos.y="3215" enemies_killed="47" gold="80" gold_all="590" gold_infinite="0" healed="0" heart_containers="0" hp="100" items="8" kicks="0" killed_by="" killed_by_extra="" places_visited="5" playtime="914.533" playtime_str="0:15:14" projectiles_shot="592" streaks="0" teleports="0" wands_edited="4" world_seed="515471409" >
  </stats>
  <biome_baseline biomes_visited_with_wands="4" damage_taken="5.94513" dead="0" death_count="0" death_pos.x="0" death_pos.y="0" enemies_killed="44" gold="60" gold_all="570" gold_infinite="0" healed="0" heart_containers="0" hp="100" items="8" kicks="0" killed_by="" killed_by_extra="" places_visited="4" playtime="867.25" playtime_str="0:14:27" projectiles_shot="579" streaks="0" teleports="0" wands_edited="4" world_seed="515471409" >
  </biome_baseline>
  <item_map>
  </item_map>
  <biomes_visited>
    <E key="$biome_coalmine" value="1" >
    </E>
    <E key="$biome_coalmine_alt" value="1" >
    </E>
    <E key="$biome_excavationsite" value="1" >
    </E>
    <E key="$biome_holymountain" value="1" >
    </E>
    <E key="$biome_snowcave" value="1" >
    </E>
  </biomes_visited>
</Stats>
