<Stats BUILD_NAME="Noita-Build-Apr  8 2024-18:11:27" >
  <stats biomes_visited_with_wands="6" damage_taken="27.2038" dead="1" death_count="0" death_pos.x="117.919" death_pos.y="6075.04" enemies_killed="155" gold="1071" gold_all="2201" gold_infinite="0" healed="2.1" heart_containers="0" hp="100" items="18" kicks="5" killed_by=" | fire" killed_by_extra="" places_visited="6" playtime="2263.07" playtime_str="0:37:43" projectiles_shot="7287" streaks="0" teleports="0" wands_edited="6" world_seed="33483804" >
  </stats>
  <biome_baseline biomes_visited_with_wands="5" damage_taken="16.1779" dead="0" death_count="0" death_pos.x="0" death_pos.y="0" enemies_killed="134" gold="721" gold_all="1851" gold_infinite="0" healed="1.95" heart_containers="0" hp="100" items="18" kicks="5" killed_by="" killed_by_extra="" places_visited="5" playtime="2039.92" playtime_str="0:33:59" projectiles_shot="5771" streaks="0" teleports="0" wands_edited="6" world_seed="33483804" >
  </biome_baseline>
  <item_map>
  </item_map>
  <biomes_visited>
    <E key="$biome_coalmine" value="1" >
    </E>
    <E key="$biome_excavationsite" value="1" >
    </E>
    <E key="$biome_fungicave" value="1" >
    </E>
    <E key="$biome_holymountain" value="1" >
    </E>
    <E key="$biome_snowcastle" value="1" >
    </E>
    <E key="$biome_snowcave" value="1" >
    </E>
  </biomes_visited>
</Stats>
