<Stats BUILD_NAME="Noita-Build-Apr 30 2024-14:49:50" >
  <stats biomes_visited_with_wands="1" damage_taken="4.53833" dead="1" death_count="0" death_pos.x="1633.84" death_pos.y="856.573" enemies_killed="38" gold="497" gold_all="497" gold_infinite="0" healed="0" heart_containers="0" hp="100" items="4" kicks="2" killed_by=" | explosion" killed_by_extra="" places_visited="1" playtime="348.983" playtime_str="0:05:48" projectiles_shot="142" streaks="0" teleports="0" wands_edited="0" world_seed="512598748" >
  </stats>
  <biome_baseline biomes_visited_with_wands="0" damage_taken="0" dead="0" death_count="0" death_pos.x="0" death_pos.y="0" enemies_killed="0" gold="0" gold_all="0" gold_infinite="0" healed="0" heart_containers="0" hp="100" items="0" kicks="0" killed_by="" killed_by_extra="" places_visited="0" playtime="0" playtime_str="" projectiles_shot="0" streaks="0" teleports="0" wands_edited="0" world_seed="0" >
  </biome_baseline>
  <item_map>
  </item_map>
  <biomes_visited>
    <E key="$biome_coalmine" value="1" >
    </E>
  </biomes_visited>
</Stats>
