<Stats deaths="1" kills="16" player_kills="0" player_projectile_count="0" >
  <death_map>
    <E key="bat | $damage_melee" value="1" >
    </E>
  </death_map>
  <kill_map>
    <E key="bat" value="2" >
    </E>
    <E key="bigfirebug" value="1" >
    </E>
    <E key="miner" value="2" >
    </E>
    <E key="miner_weak" value="4" >
    </E>
    <E key="rat" value="2" >
    </E>
    <E key="shotgunner" value="1" >
    </E>
    <E key="slimeshooter" value="1" >
    </E>
    <E key="zombie" value="1" >
    </E>
    <E key="zombie_weak" value="2" >
    </E>
  </kill_map>
</Stats>
