<Stats deaths="1" kills="82" player_kills="0" player_projectile_count="0" >
  <death_map>
    <E key="NULL | $damage_fire" value="1" >
    </E>
  </death_map>
  <kill_map>
    <E key="bat" value="8" >
    </E>
    <E key="bigbat" value="1" >
    </E>
    <E key="firebug" value="6" >
    </E>
    <E key="fireskull" value="1" >
    </E>
    <E key="goblin_bomb" value="1" >
    </E>
    <E key="iceskull" value="1" >
    </E>
    <E key="longleg" value="5" >
    </E>
    <E key="miner" value="2" >
    </E>
    <E key="miner_weak" value="9" >
    </E>
    <E key="playerghost" value="1" >
    </E>
    <E key="pollen" value="7" >
    </E>
    <E key="rat" value="6" >
    </E>
    <E key="scavenger_grenade" value="11" >
    </E>
    <E key="scavenger_smg" value="3" >
    </E>
    <E key="shotgunner" value="6" >
    </E>
    <E key="shotgunner_weak" value="3" >
    </E>
    <E key="slimeshooter_weak" value="3" >
    </E>
    <E key="sniper" value="3" >
    </E>
    <E key="tnt" value="1" >
    </E>
    <E key="zombie_weak" value="4" >
    </E>
  </kill_map>
</Stats>
