<Stats deaths="0" kills="19" player_kills="0" player_projectile_count="0" >
  <death_map>
  </death_map>
  <kill_map>
    <E key="bat" value="2" >
    </E>
    <E key="giantshooter_weak" value="1" >
    </E>
    <E key="longleg" value="2" >
    </E>
    <E key="miner_weak" value="3" >
    </E>
    <E key="shotgunner_weak" value="2" >
    </E>
    <E key="slimeshooter" value="3" >
    </E>
    <E key="zombie_weak" value="6" >
    </E>
  </kill_map>
</Stats>
