<Stats BUILD_NAME="Noita-Build-Apr  8 2024-18:11:27" >
  <stats biomes_visited_with_wands="3" damage_taken="9.24797" dead="1" death_count="0" death_pos.x="1697.37" death_pos.y="2201.74" enemies_killed="59" gold="320" gold_all="640" gold_infinite="0" healed="0" heart_containers="0" hp="100" items="6" kicks="0" killed_by=" | explosion" killed_by_extra="" places_visited="3" playtime="905.35" playtime_str="0:15:05" projectiles_shot="449" streaks="0" teleports="0" wands_edited="0" world_seed="491131268" >
  </stats>
  <biome_baseline biomes_visited_with_wands="2" damage_taken="3.80118" dead="0" death_count="0" death_pos.x="0" death_pos.y="0" enemies_killed="29" gold="15" gold_all="335" gold_infinite="0" healed="0" heart_containers="0" hp="100" items="5" kicks="0" killed_by="" killed_by_extra="" places_visited="2" playtime="607.45" playtime_str="0:10:07" projectiles_shot="194" streaks="0" teleports="0" wands_edited="0" world_seed="491131268" >
  </biome_baseline>
  <item_map>
  </item_map>
  <biomes_visited>
    <E key="$biome_coalmine" value="1" >
    </E>
    <E key="$biome_excavationsite" value="1" >
    </E>
    <E key="$biome_holymountain" value="1" >
    </E>
  </biomes_visited>
</Stats>
