<Stats BUILD_NAME="Noita-Build-Apr 30 2024-14:49:50" >
  <stats biomes_visited_with_wands="3" damage_taken="7.02379" dead="1" death_count="0" death_pos.x="23.1195" death_pos.y="1767.73" enemies_killed="24" gold="126" gold_all="156" gold_infinite="0" healed="0" heart_containers="0" hp="100" items="8" kicks="0" killed_by=" | damage from material: lava" killed_by_extra="" places_visited="3" playtime="388.2" playtime_str="0:06:28" projectiles_shot="240" streaks="0" teleports="0" wands_edited="1" world_seed="979018558" >
  </stats>
  <biome_baseline biomes_visited_with_wands="2" damage_taken="3.03199" dead="0" death_count="0" death_pos.x="0" death_pos.y="0" enemies_killed="12" gold="126" gold_all="156" gold_infinite="0" healed="0" heart_containers="0" hp="100" items="8" kicks="0" killed_by="" killed_by_extra="" places_visited="2" playtime="344.45" playtime_str="0:05:44" projectiles_shot="182" streaks="0" teleports="0" wands_edited="1" world_seed="979018558" >
  </biome_baseline>
  <item_map>
  </item_map>
  <biomes_visited>
    <E key="$biome_coalmine" value="1" >
    </E>
    <E key="$biome_excavationsite" value="1" >
    </E>
    <E key="$biome_holymountain" value="1" >
    </E>
  </biomes_visited>
</Stats>
