<Stats deaths="1" kills="43" player_kills="0" player_projectile_count="0" >
  <death_map>
    <E key="shotgunner | $damage_melee" value="1" >
    </E>
  </death_map>
  <kill_map>
    <E key="bat" value="2" >
    </E>
    <E key="bigbat" value="1" >
    </E>
    <E key="bigfirebug" value="1" >
    </E>
    <E key="firebug" value="1" >
    </E>
    <E key="fireskull" value="1" >
    </E>
    <E key="longleg" value="10" >
    </E>
    <E key="miner" value="2" >
    </E>
    <E key="miner_fire" value="1" >
    </E>
    <E key="miner_weak" value="6" >
    </E>
    <E key="potion_aggressive" value="1" >
    </E>
    <E key="rat" value="3" >
    </E>
    <E key="shotgunner" value="1" >
    </E>
    <E key="shotgunner_weak" value="5" >
    </E>
    <E key="slimeshooter" value="1" >
    </E>
    <E key="slimeshooter_weak" value="2" >
    </E>
    <E key="tnt" value="1" >
    </E>
    <E key="zombie_weak" value="4" >
    </E>
  </kill_map>
</Stats>
