<Stats BUILD_NAME="Noita-Build-Apr  8 2024-18:11:27" >
  <stats biomes_visited_with_wands="4" damage_taken="13.5066" dead="1" death_count="0" death_pos.x="439.569" death_pos.y="3440.94" enemies_killed="46" gold="1258" gold_all="1748" gold_infinite="0" healed="0" heart_containers="0" hp="100" items="9" kicks="1" killed_by="Jäätiö | ice" killed_by_extra="" places_visited="4" playtime="759.25" playtime_str="0:12:39" projectiles_shot="1445" streaks="0" teleports="0" wands_edited="3" world_seed="495834621" >
  </stats>
  <biome_baseline biomes_visited_with_wands="3" damage_taken="8.22233" dead="0" death_count="0" death_pos.x="0" death_pos.y="0" enemies_killed="43" gold="1218" gold_all="1708" gold_infinite="0" healed="0" heart_containers="0" hp="100" items="9" kicks="1" killed_by="" killed_by_extra="" places_visited="3" playtime="730.8" playtime_str="0:12:10" projectiles_shot="1248" streaks="0" teleports="0" wands_edited="3" world_seed="495834621" >
  </biome_baseline>
  <item_map>
  </item_map>
  <biomes_visited>
    <E key="$biome_coalmine" value="1" >
    </E>
    <E key="$biome_excavationsite" value="1" >
    </E>
    <E key="$biome_holymountain" value="1" >
    </E>
    <E key="$biome_snowcave" value="1" >
    </E>
  </biomes_visited>
</Stats>
