<Stats deaths="1" kills="38" player_kills="0" player_projectile_count="0" >
  <death_map>
    <E key="firemage_weak | $damage_explosion" value="1" >
    </E>
  </death_map>
  <kill_map>
    <E key="longleg" value="17" >
    </E>
    <E key="miner_weak" value="7" >
    </E>
    <E key="potion" value="1" >
    </E>
    <E key="shotgunner_weak" value="2" >
    </E>
    <E key="slimeshooter_weak" value="4" >
    </E>
    <E key="zombie_weak" value="7" >
    </E>
  </kill_map>
</Stats>
