<Stats BUILD_NAME="Noita-Build-Apr  8 2024-18:11:27" >
  <stats biomes_visited_with_wands="3" damage_taken="8.26353" dead="1" death_count="0" death_pos.x="270.4" death_pos.y="1677.9" enemies_killed="36" gold="544" gold_all="639" gold_infinite="0" healed="0" heart_containers="0" hp="100" items="6" kicks="3" killed_by=" | bzzt!" killed_by_extra="" places_visited="3" playtime="550.5" playtime_str="0:09:10" projectiles_shot="476" streaks="0" teleports="0" wands_edited="3" world_seed="771695781" >
  </stats>
  <biome_baseline biomes_visited_with_wands="2" damage_taken="2.86353" dead="0" death_count="0" death_pos.x="0" death_pos.y="0" enemies_killed="32" gold="524" gold_all="619" gold_infinite="0" healed="0" heart_containers="0" hp="100" items="6" kicks="3" killed_by="" killed_by_extra="" places_visited="2" playtime="471.983" playtime_str="0:07:51" projectiles_shot="440" streaks="0" teleports="0" wands_edited="3" world_seed="771695781" >
  </biome_baseline>
  <item_map>
  </item_map>
  <biomes_visited>
    <E key="$biome_coalmine" value="1" >
    </E>
    <E key="$biome_excavationsite" value="1" >
    </E>
    <E key="$biome_holymountain" value="1" >
    </E>
  </biomes_visited>
</Stats>
