<Stats deaths="1" kills="142" player_kills="0" player_projectile_count="0" >
  <death_map>
    <E key="fly | $damage_melee" value="1" >
    </E>
  </death_map>
  <kill_map>
    <E key="acidshooter_weak" value="1" >
    </E>
    <E key="bigfirebug" value="1" >
    </E>
    <E key="bloom" value="1" >
    </E>
    <E key="drone_lasership" value="4" >
    </E>
    <E key="firebug" value="3" >
    </E>
    <E key="firemage_weak" value="1" >
    </E>
    <E key="fly" value="9" >
    </E>
    <E key="giant" value="1" >
    </E>
    <E key="goblin_bomb" value="3" >
    </E>
    <E key="iceskull" value="3" >
    </E>
    <E key="longleg" value="9" >
    </E>
    <E key="lukki" value="2" >
    </E>
    <E key="lukki_longleg" value="1" >
    </E>
    <E key="miner" value="8" >
    </E>
    <E key="miner_weak" value="5" >
    </E>
    <E key="pebble_physics" value="8" >
    </E>
    <E key="rat" value="8" >
    </E>
    <E key="scavenger_grenade" value="19" >
    </E>
    <E key="scavenger_heal" value="3" >
    </E>
    <E key="scavenger_leader" value="1" >
    </E>
    <E key="scavenger_poison" value="2" >
    </E>
    <E key="scavenger_smg" value="23" >
    </E>
    <E key="shooterflower" value="1" >
    </E>
    <E key="shotgunner" value="10" >
    </E>
    <E key="shotgunner_weak" value="1" >
    </E>
    <E key="slimeshooter" value="2" >
    </E>
    <E key="sniper" value="2" >
    </E>
    <E key="tank" value="1" >
    </E>
    <E key="tank_rocket" value="1" >
    </E>
    <E key="thunderskull" value="1" >
    </E>
    <E key="turret_left" value="1" >
    </E>
    <E key="zombie_weak" value="6" >
    </E>
  </kill_map>
</Stats>
