<Stats deaths="1" kills="38" player_kills="1" player_projectile_count="0" >
  <death_map>
    <E key="player | $damage_projectile" value="1" >
    </E>
  </death_map>
  <kill_map>
    <E key="bat" value="2" >
    </E>
    <E key="firebug" value="5" >
    </E>
    <E key="goblin_bomb" value="1" >
    </E>
    <E key="longleg" value="6" >
    </E>
    <E key="miner" value="2" >
    </E>
    <E key="miner_weak" value="5" >
    </E>
    <E key="player" value="1" >
    </E>
    <E key="radioactive_blob_trail" value="1" >
    </E>
    <E key="rat" value="1" >
    </E>
    <E key="shotgunner" value="1" >
    </E>
    <E key="shotgunner_weak" value="3" >
    </E>
    <E key="slimeshooter" value="1" >
    </E>
    <E key="slimeshooter_weak" value="1" >
    </E>
    <E key="tnt" value="1" >
    </E>
    <E key="zombie_weak" value="7" >
    </E>
  </kill_map>
</Stats>
