<Stats BUILD_NAME="Noita-Build-Apr 30 2024-14:49:50" >
  <stats biomes_visited_with_wands="3" damage_taken="9.35127" dead="1" death_count="0" death_pos.x="1066.98" death_pos.y="1969.39" enemies_killed="23" gold="161" gold_all="271" gold_infinite="0" healed="0" heart_containers="0" hp="100" items="7" kicks="0" killed_by="Haulikkohiisi | projectile" killed_by_extra="" places_visited="3" playtime="346.583" playtime_str="0:05:46" projectiles_shot="348" streaks="0" teleports="0" wands_edited="2" world_seed="1134576193" >
  </stats>
  <biome_baseline biomes_visited_with_wands="2" damage_taken="3.876" dead="0" death_count="0" death_pos.x="0" death_pos.y="0" enemies_killed="14" gold="61" gold_all="171" gold_infinite="0" healed="0" heart_containers="0" hp="100" items="7" kicks="0" killed_by="" killed_by_extra="" places_visited="2" playtime="263.717" playtime_str="0:04:23" projectiles_shot="232" streaks="0" teleports="0" wands_edited="2" world_seed="1134576193" >
  </biome_baseline>
  <item_map>
  </item_map>
  <biomes_visited>
    <E key="$biome_coalmine" value="1" >
    </E>
    <E key="$biome_excavationsite" value="1" >
    </E>
    <E key="$biome_holymountain" value="1" >
    </E>
  </biomes_visited>
</Stats>
