<Stats deaths="1" kills="100" player_kills="0" player_projectile_count="0" >
  <death_map>
    <E key="scavenger_smg | $damage_projectile" value="1" >
    </E>
  </death_map>
  <kill_map>
    <E key="alchemist" value="1" >
    </E>
    <E key="bat" value="7" >
    </E>
    <E key="bigbat" value="1" >
    </E>
    <E key="bigfirebug" value="1" >
    </E>
    <E key="drone_lasership" value="1" >
    </E>
    <E key="firebug" value="5" >
    </E>
    <E key="fireskull" value="1" >
    </E>
    <E key="iceskull" value="2" >
    </E>
    <E key="longleg" value="3" >
    </E>
    <E key="miner" value="4" >
    </E>
    <E key="miner_weak" value="4" >
    </E>
    <E key="pebble_physics" value="3" >
    </E>
    <E key="rat" value="7" >
    </E>
    <E key="scavenger_grenade" value="14" >
    </E>
    <E key="scavenger_heal" value="2" >
    </E>
    <E key="scavenger_leader" value="1" >
    </E>
    <E key="scavenger_smg" value="11" >
    </E>
    <E key="shotgunner" value="10" >
    </E>
    <E key="shotgunner_weak" value="2" >
    </E>
    <E key="slimeshooter" value="2" >
    </E>
    <E key="slimeshooter_weak" value="1" >
    </E>
    <E key="sniper" value="5" >
    </E>
    <E key="zombie" value="1" >
    </E>
    <E key="zombie_weak" value="11" >
    </E>
  </kill_map>
</Stats>
