<Stats deaths="1" kills="36" player_kills="1" player_projectile_count="0" >
  <death_map>
    <E key="player | bzzt!" value="1" >
    </E>
  </death_map>
  <kill_map>
    <E key="acidshooter_weak" value="1" >
    </E>
    <E key="acidshot" value="1" >
    </E>
    <E key="bat" value="2" >
    </E>
    <E key="firemage_weak" value="1" >
    </E>
    <E key="longleg" value="20" >
    </E>
    <E key="player" value="1" >
    </E>
    <E key="shotgunner_weak" value="1" >
    </E>
    <E key="slimeshooter" value="1" >
    </E>
    <E key="slimeshooter_weak" value="1" >
    </E>
    <E key="zombie_weak" value="7" >
    </E>
  </kill_map>
</Stats>
