<Stats deaths="1" kills="28" player_kills="0" player_projectile_count="0" >
  <death_map>
    <E key="NULL | $damage_physicshit" value="1" >
    </E>
  </death_map>
  <kill_map>
    <E key="acidshooter_weak" value="1" >
    </E>
    <E key="acidshot" value="2" >
    </E>
    <E key="firemage_weak" value="1" >
    </E>
    <E key="longleg" value="1" >
    </E>
    <E key="miner_weak" value="5" >
    </E>
    <E key="shotgunner" value="1" >
    </E>
    <E key="shotgunner_weak" value="2" >
    </E>
    <E key="slimeshooter_weak" value="1" >
    </E>
    <E key="zombie_weak" value="14" >
    </E>
  </kill_map>
</Stats>
