<Stats deaths="1" kills="15" player_kills="0" player_projectile_count="0" >
  <death_map>
    <E key="bigbat | $damage_melee" value="1" >
    </E>
  </death_map>
  <kill_map>
    <E key="bat" value="1" >
    </E>
    <E key="firebug" value="1" >
    </E>
    <E key="giantshooter_weak" value="1" >
    </E>
    <E key="longleg" value="2" >
    </E>
    <E key="miner_weak" value="1" >
    </E>
    <E key="shotgunner" value="1" >
    </E>
    <E key="slimeshooter_weak" value="1" >
    </E>
    <E key="zombie_weak" value="7" >
    </E>
  </kill_map>
</Stats>
