<Stats deaths="1" kills="62" player_kills="0" player_projectile_count="0" >
  <death_map>
    <E key="scavenger_leader | $damage_projectile" value="1" >
    </E>
  </death_map>
  <kill_map>
    <E key="bat" value="6" >
    </E>
    <E key="drone_lasership" value="1" >
    </E>
    <E key="giant" value="1" >
    </E>
    <E key="iceskull" value="1" >
    </E>
    <E key="miner" value="2" >
    </E>
    <E key="miner_weak" value="3" >
    </E>
    <E key="pebble_physics" value="10" >
    </E>
    <E key="rat" value="1" >
    </E>
    <E key="scavenger_grenade" value="7" >
    </E>
    <E key="scavenger_smg" value="3" >
    </E>
    <E key="shotgunner" value="9" >
    </E>
    <E key="shotgunner_weak" value="1" >
    </E>
    <E key="slimeshooter" value="1" >
    </E>
    <E key="slimeshooter_weak" value="2" >
    </E>
    <E key="sniper" value="1" >
    </E>
    <E key="tank" value="2" >
    </E>
    <E key="tank_rocket" value="1" >
    </E>
    <E key="thundermage" value="2" >
    </E>
    <E key="zombie_weak" value="8" >
    </E>
  </kill_map>
</Stats>
