<Stats BUILD_NAME="Noita-Build-Apr  8 2024-18:11:27" >
  <stats biomes_visited_with_wands="2" damage_taken="4.59399" dead="1" death_count="0" death_pos.x="170.801" death_pos.y="1433.74" enemies_killed="15" gold="167" gold_all="167" gold_infinite="0" healed="0" heart_containers="0" hp="100" items="3" kicks="0" killed_by="Stevari | projectile" killed_by_extra="" places_visited="2" playtime="252.067" playtime_str="0:04:12" projectiles_shot="50" streaks="0" teleports="0" wands_edited="0" world_seed="1705180650" >
  </stats>
  <biome_baseline biomes_visited_with_wands="2" damage_taken="3.79399" dead="0" death_count="0" death_pos.x="0" death_pos.y="0" enemies_killed="15" gold="167" gold_all="167" gold_infinite="0" healed="0" heart_containers="0" hp="100" items="3" kicks="0" killed_by="" killed_by_extra="" places_visited="2" playtime="247.15" playtime_str="0:04:07" projectiles_shot="48" streaks="0" teleports="0" wands_edited="0" world_seed="1705180650" >
  </biome_baseline>
  <item_map>
  </item_map>
  <biomes_visited>
    <E key="$biome_coalmine" value="1" >
    </E>
    <E key="$biome_holymountain" value="1" >
    </E>
  </biomes_visited>
</Stats>
