<Stats deaths="1" kills="48" player_kills="0" player_projectile_count="0" >
  <death_map>
    <E key="NULL | damage from material: lava" value="1" >
    </E>
  </death_map>
  <kill_map>
    <E key="bat" value="5" >
    </E>
    <E key="bigfirebug" value="4" >
    </E>
    <E key="firebug" value="8" >
    </E>
    <E key="firebugnest" value="1" >
    </E>
    <E key="longleg" value="15" >
    </E>
    <E key="miner" value="4" >
    </E>
    <E key="shotgunner" value="2" >
    </E>
    <E key="shotgunner_weak" value="2" >
    </E>
    <E key="slimeshooter" value="1" >
    </E>
    <E key="slimeshooter_weak" value="1" >
    </E>
    <E key="zombie_weak" value="5" >
    </E>
  </kill_map>
</Stats>
