<Stats BUILD_NAME="Noita-Build-Apr  8 2024-18:11:27" >
  <stats biomes_visited_with_wands="6" damage_taken="23.7799" dead="1" death_count="0" death_pos.x="1272.35" death_pos.y="7833.46" enemies_killed="142" gold="794" gold_all="1954" gold_infinite="0" healed="0" heart_containers="0" hp="100" items="21" kicks="6" killed_by="Amppari | melee" killed_by_extra="" places_visited="6" playtime="1944.1" playtime_str="0:32:24" projectiles_shot="549" streaks="0" teleports="0" wands_edited="5" world_seed="1468780604" >
  </stats>
  <biome_baseline biomes_visited_with_wands="5" damage_taken="16.0634" dead="0" death_count="0" death_pos.x="0" death_pos.y="0" enemies_killed="117" gold="284" gold_all="1444" gold_infinite="0" healed="0" heart_containers="0" hp="100" items="20" kicks="5" killed_by="" killed_by_extra="" places_visited="5" playtime="1694.45" playtime_str="0:28:14" projectiles_shot="432" streaks="0" teleports="0" wands_edited="5" world_seed="1468780604" >
  </biome_baseline>
  <item_map>
  </item_map>
  <biomes_visited>
    <E key="$biome_coalmine" value="1" >
    </E>
    <E key="$biome_excavationsite" value="1" >
    </E>
    <E key="$biome_holymountain" value="1" >
    </E>
    <E key="$biome_rainforest" value="1" >
    </E>
    <E key="$biome_snowcastle" value="1" >
    </E>
    <E key="$biome_snowcave" value="1" >
    </E>
  </biomes_visited>
</Stats>
