<Stats BUILD_NAME="Noita-Build-Apr  8 2024-18:11:27" >
  <stats biomes_visited_with_wands="3" damage_taken="7.47567" dead="1" death_count="0" death_pos.x="-309.615" death_pos.y="2207.59" enemies_killed="33" gold="244" gold_all="344" gold_infinite="0" healed="0" heart_containers="0" hp="100" items="6" kicks="0" killed_by=" | damage from material: lava" killed_by_extra="" places_visited="3" playtime="371.2" playtime_str="0:06:11" projectiles_shot="330" streaks="0" teleports="0" wands_edited="3" world_seed="1964603326" >
  </stats>
  <biome_baseline biomes_visited_with_wands="2" damage_taken="2.94667" dead="0" death_count="0" death_pos.x="0" death_pos.y="0" enemies_killed="27" gold="174" gold_all="274" gold_infinite="0" healed="0" heart_containers="0" hp="100" items="6" kicks="0" killed_by="" killed_by_extra="" places_visited="2" playtime="299.95" playtime_str="0:04:59" projectiles_shot="248" streaks="0" teleports="0" wands_edited="3" world_seed="1964603326" >
  </biome_baseline>
  <item_map>
  </item_map>
  <biomes_visited>
    <E key="$biome_coalmine" value="1" >
    </E>
    <E key="$biome_excavationsite" value="1" >
    </E>
    <E key="$biome_holymountain" value="1" >
    </E>
  </biomes_visited>
</Stats>
