<Stats deaths="1" kills="76" player_kills="0" player_projectile_count="0" >
  <death_map>
    <E key="scavenger_grenade | $damage_projectile" value="1" >
    </E>
  </death_map>
  <kill_map>
    <E key="alchemist" value="1" >
    </E>
    <E key="bat" value="9" >
    </E>
    <E key="bigfirebug" value="2" >
    </E>
    <E key="firebug" value="3" >
    </E>
    <E key="fireskull" value="1" >
    </E>
    <E key="giant" value="1" >
    </E>
    <E key="iceskull" value="2" >
    </E>
    <E key="longleg" value="17" >
    </E>
    <E key="miner_weak" value="6" >
    </E>
    <E key="pebble_physics" value="1" >
    </E>
    <E key="rat" value="4" >
    </E>
    <E key="scavenger_grenade" value="4" >
    </E>
    <E key="scavenger_smg" value="5" >
    </E>
    <E key="shotgunner" value="2" >
    </E>
    <E key="shotgunner_weak" value="2" >
    </E>
    <E key="slimeshooter" value="4" >
    </E>
    <E key="slimeshooter_weak" value="3" >
    </E>
    <E key="sniper" value="1" >
    </E>
    <E key="thunderskull" value="1" >
    </E>
    <E key="zombie_weak" value="7" >
    </E>
  </kill_map>
</Stats>
