<Stats BUILD_NAME="Noita-Build-Apr  8 2024-18:11:27" >
  <stats biomes_visited_with_wands="3" damage_taken="9.61291" dead="1" death_count="0" death_pos.x="824.477" death_pos.y="2558.42" enemies_killed="43" gold="194" gold_all="404" gold_infinite="0" healed="0" heart_containers="0" hp="100" items="6" kicks="0" killed_by="Haulikkohiisi | melee" killed_by_extra="" places_visited="3" playtime="689.7" playtime_str="0:11:29" projectiles_shot="153" streaks="0" teleports="2" wands_edited="0" world_seed="1273107630" >
  </stats>
  <biome_baseline biomes_visited_with_wands="2" damage_taken="2.75" dead="0" death_count="0" death_pos.x="0" death_pos.y="0" enemies_killed="28" gold="46" gold_all="256" gold_infinite="0" healed="0" heart_containers="0" hp="100" items="5" kicks="0" killed_by="" killed_by_extra="" places_visited="2" playtime="462.833" playtime_str="0:07:42" projectiles_shot="93" streaks="0" teleports="0" wands_edited="0" world_seed="1273107630" >
  </biome_baseline>
  <item_map>
  </item_map>
  <biomes_visited>
    <E key="$biome_coalmine" value="1" >
    </E>
    <E key="$biome_excavationsite" value="1" >
    </E>
    <E key="$biome_holymountain" value="1" >
    </E>
  </biomes_visited>
</Stats>
