<Stats BUILD_NAME="Noita-Build-Apr  8 2024-18:11:27" >
  <stats biomes_visited_with_wands="5" damage_taken="16.2071" dead="1" death_count="0" death_pos.x="-197.25" death_pos.y="5411.88" enemies_killed="89" gold="725" gold_all="1535" gold_infinite="0" healed="0" heart_containers="0" hp="100" items="12" kicks="8" killed_by=" | fire" killed_by_extra="" places_visited="5" playtime="1541.05" playtime_str="0:25:41" projectiles_shot="5291" streaks="0" teleports="0" wands_edited="5" world_seed="272882665" >
  </stats>
  <biome_baseline biomes_visited_with_wands="4" damage_taken="10.0055" dead="0" death_count="0" death_pos.x="0" death_pos.y="0" enemies_killed="83" gold="525" gold_all="1335" gold_infinite="0" healed="0" heart_containers="0" hp="100" items="12" kicks="8" killed_by="" killed_by_extra="" places_visited="4" playtime="1400.33" playtime_str="0:23:20" projectiles_shot="4727" streaks="0" teleports="0" wands_edited="5" world_seed="272882665" >
  </biome_baseline>
  <item_map>
  </item_map>
  <biomes_visited>
    <E key="$biome_coalmine" value="1" >
    </E>
    <E key="$biome_excavationsite" value="1" >
    </E>
    <E key="$biome_holymountain" value="1" >
    </E>
    <E key="$biome_snowcastle" value="1" >
    </E>
    <E key="$biome_snowcave" value="1" >
    </E>
  </biomes_visited>
</Stats>
