<Stats BUILD_NAME="Noita-Build-Apr  8 2024-18:11:27" >
  <stats biomes_visited_with_wands="3" damage_taken="11.2492" dead="1" death_count="0" death_pos.x="44.3575" death_pos.y="2965.24" enemies_killed="30" gold="812" gold_all="1222" gold_infinite="0" healed="0" heart_containers="0" hp="100" items="7" kicks="1" killed_by=" | plasma beam" killed_by_extra="" places_visited="3" playtime="771.883" playtime_str="0:12:51" projectiles_shot="771" streaks="0" teleports="0" wands_edited="3" world_seed="1540533479" >
  </stats>
  <biome_baseline biomes_visited_with_wands="2" damage_taken="3.37898" dead="0" death_count="0" death_pos.x="0" death_pos.y="0" enemies_killed="25" gold="1202" gold_all="1202" gold_infinite="0" healed="0" heart_containers="0" hp="100" items="5" kicks="0" killed_by="" killed_by_extra="" places_visited="2" playtime="626.1" playtime_str="0:10:26" projectiles_shot="682" streaks="0" teleports="0" wands_edited="0" world_seed="1540533479" >
  </biome_baseline>
  <item_map>
  </item_map>
  <biomes_visited>
    <E key="$biome_coalmine" value="1" >
    </E>
    <E key="$biome_excavationsite" value="1" >
    </E>
    <E key="$biome_holymountain" value="1" >
    </E>
  </biomes_visited>
</Stats>
