<Stats BUILD_NAME="Noita-Build-Apr  8 2024-18:11:27" >
  <stats biomes_visited_with_wands="3" damage_taken="7.17397" dead="1" death_count="0" death_pos.x="-1899.76" death_pos.y="2279.6" enemies_killed="38" gold="370" gold_all="525" gold_infinite="0" healed="0" heart_containers="0" hp="100" items="6" kicks="12" killed_by="Amppari | melee" killed_by_extra="" places_visited="3" playtime="603.083" playtime_str="0:10:03" projectiles_shot="494" streaks="0" teleports="0" wands_edited="2" world_seed="149671260" >
  </stats>
  <biome_baseline biomes_visited_with_wands="2" damage_taken="2.76157" dead="0" death_count="0" death_pos.x="0" death_pos.y="0" enemies_killed="19" gold="207" gold_all="362" gold_infinite="0" healed="0" heart_containers="0" hp="100" items="5" kicks="9" killed_by="" killed_by_extra="" places_visited="2" playtime="361.133" playtime_str="0:06:01" projectiles_shot="217" streaks="0" teleports="0" wands_edited="2" world_seed="149671260" >
  </biome_baseline>
  <item_map>
  </item_map>
  <biomes_visited>
    <E key="$biome_coalmine" value="1" >
    </E>
    <E key="$biome_excavationsite" value="1" >
    </E>
    <E key="$biome_holymountain" value="1" >
    </E>
  </biomes_visited>
</Stats>
