<Stats BUILD_NAME="Noita-Build-Apr 30 2024-14:49:50" >
  <stats biomes_visited_with_wands="4" damage_taken="8.15899" dead="0" death_count="0" death_pos.x="0" death_pos.y="0" enemies_killed="52" gold="187" gold_all="362" gold_infinite="0" healed="0" heart_containers="0" hp="100" items="7" kicks="1" killed_by="" killed_by_extra="" places_visited="4" playtime="516.35" playtime_str="0:08:36" projectiles_shot="741" streaks="0" teleports="0" wands_edited="2" world_seed="1709999253" >
  </stats>
  <biome_baseline biomes_visited_with_wands="3" damage_taken="3.916" dead="0" death_count="0" death_pos.x="0" death_pos.y="0" enemies_killed="39" gold="187" gold_all="362" gold_infinite="0" healed="0" heart_containers="0" hp="100" items="7" kicks="1" killed_by="" killed_by_extra="" places_visited="3" playtime="472.3" playtime_str="0:07:52" projectiles_shot="590" streaks="0" teleports="0" wands_edited="2" world_seed="1709999253" >
  </biome_baseline>
  <item_map>
  </item_map>
  <biomes_visited>
    <E key="$biome_coalmine" value="1" >
    </E>
    <E key="$biome_coalmine_alt" value="1" >
    </E>
    <E key="$biome_excavationsite" value="1" >
    </E>
    <E key="$biome_holymountain" value="1" >
    </E>
  </biomes_visited>
</Stats>
