<Stats BUILD_NAME="Noita-Build-Apr  8 2024-18:11:27" >
  <stats biomes_visited_with_wands="3" damage_taken="6.55732" dead="1" death_count="0" death_pos.x="225.713" death_pos.y="2252.9" enemies_killed="17" gold="83" gold_all="223" gold_infinite="0" healed="0" heart_containers="0" hp="100" items="4" kicks="3" killed_by="Pikkutulikärpänen | fire" killed_by_extra="" places_visited="3" playtime="258.117" playtime_str="0:04:18" projectiles_shot="125" streaks="0" teleports="0" wands_edited="0" world_seed="252878341" >
  </stats>
  <biome_baseline biomes_visited_with_wands="2" damage_taken="2.05266" dead="0" death_count="0" death_pos.x="0" death_pos.y="0" enemies_killed="15" gold="62" gold_all="202" gold_infinite="0" healed="0" heart_containers="0" hp="100" items="4" kicks="3" killed_by="" killed_by_extra="" places_visited="2" playtime="234.083" playtime_str="0:03:54" projectiles_shot="99" streaks="0" teleports="0" wands_edited="0" world_seed="252878341" >
  </biome_baseline>
  <item_map>
  </item_map>
  <biomes_visited>
    <E key="$biome_coalmine" value="1" >
    </E>
    <E key="$biome_excavationsite" value="1" >
    </E>
    <E key="$biome_holymountain" value="1" >
    </E>
  </biomes_visited>
</Stats>
