<Stats BUILD_NAME="Noita-Build-Apr  8 2024-18:11:27" >
  <stats biomes_visited_with_wands="4" damage_taken="8.8884" dead="1" death_count="0" death_pos.x="-1754.9" death_pos.y="2191.75" enemies_killed="48" gold="299" gold_all="464" gold_infinite="0" healed="0" heart_containers="0" hp="100" items="10" kicks="5" killed_by=" | damage from material: lava" killed_by_extra="" places_visited="4" playtime="824.45" playtime_str="0:13:44" projectiles_shot="905" streaks="0" teleports="3" wands_edited="3" world_seed="1331858016" >
  </stats>
  <biome_baseline biomes_visited_with_wands="3" damage_taken="3.4016" dead="0" death_count="0" death_pos.x="0" death_pos.y="0" enemies_killed="23" gold="164" gold_all="329" gold_infinite="0" healed="0" heart_containers="0" hp="100" items="10" kicks="5" killed_by="" killed_by_extra="" places_visited="3" playtime="659.967" playtime_str="0:10:59" projectiles_shot="263" streaks="0" teleports="1" wands_edited="3" world_seed="1331858016" >
  </biome_baseline>
  <item_map>
  </item_map>
  <biomes_visited>
    <E key="$biome_coalmine" value="1" >
    </E>
    <E key="$biome_coalmine_alt" value="1" >
    </E>
    <E key="$biome_excavationsite" value="1" >
    </E>
    <E key="$biome_holymountain" value="1" >
    </E>
  </biomes_visited>
</Stats>
