<Stats deaths="1" kills="101" player_kills="0" player_projectile_count="0" >
  <death_map>
    <E key="NULL | damage from material: lava" value="1" >
    </E>
  </death_map>
  <kill_map>
    <E key="bat" value="9" >
    </E>
    <E key="bigfirebug" value="3" >
    </E>
    <E key="firebug" value="14" >
    </E>
    <E key="firemage" value="2" >
    </E>
    <E key="firemage_weak" value="2" >
    </E>
    <E key="fireskull" value="1" >
    </E>
    <E key="fish" value="1" >
    </E>
    <E key="ghost_crystal" value="1" >
    </E>
    <E key="giant" value="1" >
    </E>
    <E key="glitter_bomb" value="2" >
    </E>
    <E key="goblin_bomb" value="1" >
    </E>
    <E key="iceskull" value="3" >
    </E>
    <E key="longleg" value="14" >
    </E>
    <E key="mine" value="2" >
    </E>
    <E key="miner" value="3" >
    </E>
    <E key="miner_weak" value="2" >
    </E>
    <E key="necromancer" value="1" >
    </E>
    <E key="pebble_physics" value="2" >
    </E>
    <E key="phantom_a" value="1" >
    </E>
    <E key="polyorb" value="1" >
    </E>
    <E key="rat" value="1" >
    </E>
    <E key="scavenger_grenade" value="3" >
    </E>
    <E key="scavenger_smg" value="1" >
    </E>
    <E key="shotgunner" value="7" >
    </E>
    <E key="shotgunner_weak" value="5" >
    </E>
    <E key="slimeshooter" value="5" >
    </E>
    <E key="slimeshooter_weak" value="3" >
    </E>
    <E key="sniper" value="1" >
    </E>
    <E key="snowcrystal" value="1" >
    </E>
    <E key="statue_physics" value="1" >
    </E>
    <E key="tank" value="1" >
    </E>
    <E key="wizard_hearty" value="1" >
    </E>
    <E key="zombie_weak" value="5" >
    </E>
  </kill_map>
</Stats>
