<Stats deaths="1" kills="60" player_kills="1" player_projectile_count="0" >
  <death_map>
    <E key="player | $damage_fire" value="1" >
    </E>
  </death_map>
  <kill_map>
    <E key="acidshooter" value="2" >
    </E>
    <E key="acidshot" value="3" >
    </E>
    <E key="bat" value="4" >
    </E>
    <E key="firebug" value="4" >
    </E>
    <E key="firebugnest" value="1" >
    </E>
    <E key="fly" value="2" >
    </E>
    <E key="goblin_bomb" value="1" >
    </E>
    <E key="longleg" value="6" >
    </E>
    <E key="lukki" value="2" >
    </E>
    <E key="miner_weak" value="4" >
    </E>
    <E key="pebble_physics" value="1" >
    </E>
    <E key="player" value="1" >
    </E>
    <E key="rat" value="2" >
    </E>
    <E key="scavenger_grenade" value="1" >
    </E>
    <E key="scavenger_smg" value="2" >
    </E>
    <E key="shotgunner" value="3" >
    </E>
    <E key="shotgunner_weak" value="4" >
    </E>
    <E key="slimeshooter" value="3" >
    </E>
    <E key="sniper" value="2" >
    </E>
    <E key="tank" value="2" >
    </E>
    <E key="thunderskull" value="1" >
    </E>
    <E key="turret_left" value="1" >
    </E>
    <E key="zombie_weak" value="8" >
    </E>
  </kill_map>
</Stats>
