<Stats BUILD_NAME="Noita-Build-Apr  8 2024-18:11:27" >
  <stats biomes_visited_with_wands="6" damage_taken="17.8696" dead="1" death_count="0" death_pos.x="-81.1499" death_pos.y="5802.29" enemies_killed="100" gold="520" gold_all="1325" gold_infinite="0" healed="0" heart_containers="0" hp="100" items="16" kicks="2" killed_by="Rynkkyhiisi | projectile" killed_by_extra="" places_visited="6" playtime="2183.43" playtime_str="0:36:23" projectiles_shot="7729" streaks="0" teleports="0" wands_edited="6" world_seed="1935853268" >
  </stats>
  <biome_baseline biomes_visited_with_wands="5" damage_taken="10.6012" dead="0" death_count="0" death_pos.x="0" death_pos.y="0" enemies_killed="86" gold="140" gold_all="945" gold_infinite="0" healed="0" heart_containers="0" hp="100" items="16" kicks="1" killed_by="" killed_by_extra="" places_visited="5" playtime="1951.93" playtime_str="0:32:31" projectiles_shot="6479" streaks="0" teleports="0" wands_edited="6" world_seed="1935853268" >
  </biome_baseline>
  <item_map>
  </item_map>
  <biomes_visited>
    <E key="$biome_coalmine" value="1" >
    </E>
    <E key="$biome_coalmine_alt" value="1" >
    </E>
    <E key="$biome_excavationsite" value="1" >
    </E>
    <E key="$biome_holymountain" value="1" >
    </E>
    <E key="$biome_snowcastle" value="1" >
    </E>
    <E key="$biome_snowcave" value="1" >
    </E>
  </biomes_visited>
</Stats>
