<Stats BUILD_NAME="Noita-Build-Apr  8 2024-18:11:27" >
  <stats biomes_visited_with_wands="5" damage_taken="19.5451" dead="1" death_count="0" death_pos.x="339.983" death_pos.y="5502.76" enemies_killed="62" gold="282" gold_all="1167" gold_infinite="0" healed="0" heart_containers="0" hp="100" items="10" kicks="0" killed_by="Toimari | projectile" killed_by_extra="" places_visited="5" playtime="954.8" playtime_str="0:15:54" projectiles_shot="2769" streaks="0" teleports="0" wands_edited="3" world_seed="1555994202" >
  </stats>
  <biome_baseline biomes_visited_with_wands="4" damage_taken="12.9935" dead="0" death_count="0" death_pos.x="0" death_pos.y="0" enemies_killed="53" gold="102" gold_all="987" gold_infinite="0" healed="0" heart_containers="0" hp="100" items="10" kicks="0" killed_by="" killed_by_extra="" places_visited="4" playtime="875.65" playtime_str="0:14:35" projectiles_shot="2399" streaks="0" teleports="0" wands_edited="3" world_seed="1555994202" >
  </biome_baseline>
  <item_map>
  </item_map>
  <biomes_visited>
    <E key="$biome_coalmine" value="1" >
    </E>
    <E key="$biome_excavationsite" value="1" >
    </E>
    <E key="$biome_holymountain" value="1" >
    </E>
    <E key="$biome_snowcastle" value="1" >
    </E>
    <E key="$biome_snowcave" value="1" >
    </E>
  </biomes_visited>
</Stats>
