<Stats BUILD_NAME="Noita-Build-Apr  8 2024-18:11:27" >
  <stats biomes_visited_with_wands="4" damage_taken="19.4253" dead="1" death_count="0" death_pos.x="364.916" death_pos.y="3252.93" enemies_killed="30" gold="81" gold_all="371" gold_infinite="0" healed="0" heart_containers="0" hp="100" items="6" kicks="2" killed_by=" | damage from material: freezing vapour" killed_by_extra="" places_visited="4" playtime="579.533" playtime_str="0:09:39" projectiles_shot="360" streaks="0" teleports="0" wands_edited="2" world_seed="2014058475" >
  </stats>
  <biome_baseline biomes_visited_with_wands="3" damage_taken="13.4917" dead="1" death_count="0" death_pos.x="477.435" death_pos.y="2197.23" enemies_killed="27" gold="61" gold_all="351" gold_infinite="0" healed="0" heart_containers="0" hp="100" items="6" kicks="2" killed_by=" | explosion" killed_by_extra="" places_visited="3" playtime="564.533" playtime_str="0:09:24" projectiles_shot="360" streaks="0" teleports="0" wands_edited="2" world_seed="2014058475" >
  </biome_baseline>
  <item_map>
  </item_map>
  <biomes_visited>
    <E key="$biome_coalmine" value="1" >
    </E>
    <E key="$biome_excavationsite" value="1" >
    </E>
    <E key="$biome_holymountain" value="1" >
    </E>
    <E key="$biome_snowcave" value="1" >
    </E>
  </biomes_visited>
</Stats>
