<Stats BUILD_NAME="Noita-Build-Apr  8 2024-18:11:27" >
  <stats biomes_visited_with_wands="4" damage_taken="11.0741" dead="1" death_count="0" death_pos.x="1141.6" death_pos.y="3442.45" enemies_killed="54" gold="158" gold_all="613" gold_infinite="0" healed="0" heart_containers="0" hp="100" items="14" kicks="0" killed_by="Haulikkohiisi | projectile" killed_by_extra="" places_visited="4" playtime="1166.6" playtime_str="0:19:26" projectiles_shot="635" streaks="0" teleports="0" wands_edited="3" world_seed="146723458" >
  </stats>
  <biome_baseline biomes_visited_with_wands="3" damage_taken="6.19987" dead="0" death_count="0" death_pos.x="0" death_pos.y="0" enemies_killed="48" gold="128" gold_all="583" gold_infinite="0" healed="0" heart_containers="0" hp="100" items="13" kicks="0" killed_by="" killed_by_extra="" places_visited="3" playtime="966.933" playtime_str="0:16:06" projectiles_shot="493" streaks="0" teleports="0" wands_edited="1" world_seed="146723458" >
  </biome_baseline>
  <item_map>
  </item_map>
  <biomes_visited>
    <E key="$biome_coalmine" value="1" >
    </E>
    <E key="$biome_excavationsite" value="1" >
    </E>
    <E key="$biome_holymountain" value="1" >
    </E>
    <E key="$biome_snowcave" value="1" >
    </E>
  </biomes_visited>
</Stats>
