<Stats BUILD_NAME="Noita-Build-Apr  8 2024-18:11:27" >
  <stats biomes_visited_with_wands="3" damage_taken="7.60312" dead="1" death_count="0" death_pos.x="-502.534" death_pos.y="2394.21" enemies_killed="43" gold="509" gold_all="659" gold_infinite="0" healed="0" heart_containers="0" hp="100" items="6" kicks="1" killed_by=" | fire" killed_by_extra="" places_visited="3" playtime="486.2" playtime_str="0:08:06" projectiles_shot="206" streaks="0" teleports="0" wands_edited="2" world_seed="1256153361" >
  </stats>
  <biome_baseline biomes_visited_with_wands="2" damage_taken="3.20166" dead="0" death_count="0" death_pos.x="0" death_pos.y="0" enemies_killed="25" gold="375" gold_all="525" gold_infinite="0" healed="0" heart_containers="0" hp="100" items="6" kicks="1" killed_by="" killed_by_extra="" places_visited="2" playtime="371.9" playtime_str="0:06:11" projectiles_shot="136" streaks="0" teleports="0" wands_edited="2" world_seed="1256153361" >
  </biome_baseline>
  <item_map>
  </item_map>
  <biomes_visited>
    <E key="$biome_coalmine" value="1" >
    </E>
    <E key="$biome_excavationsite" value="1" >
    </E>
    <E key="$biome_holymountain" value="1" >
    </E>
  </biomes_visited>
</Stats>
