<Stats deaths="1" kills="20" player_kills="0" player_projectile_count="0" >
  <death_map>
    <E key="bigbat | $damage_melee" value="1" >
    </E>
  </death_map>
  <kill_map>
    <E key="bigfirebug" value="1" >
    </E>
    <E key="firemage_weak" value="1" >
    </E>
    <E key="miner" value="1" >
    </E>
    <E key="miner_weak" value="1" >
    </E>
    <E key="rat" value="1" >
    </E>
    <E key="shotgunner" value="1" >
    </E>
    <E key="shotgunner_weak" value="1" >
    </E>
    <E key="slimeshooter" value="1" >
    </E>
    <E key="slimeshooter_weak" value="3" >
    </E>
    <E key="slimespirit" value="1" >
    </E>
    <E key="zombie_weak" value="8" >
    </E>
  </kill_map>
</Stats>
