<Stats deaths="1" kills="88" player_kills="0" player_projectile_count="0" >
  <death_map>
    <E key="scavenger_smg | $damage_explosion" value="1" >
    </E>
  </death_map>
  <kill_map>
    <E key="bigfirebug" value="1" >
    </E>
    <E key="drone_lasership" value="3" >
    </E>
    <E key="firebug" value="4" >
    </E>
    <E key="fireskull" value="1" >
    </E>
    <E key="frog" value="5" >
    </E>
    <E key="goblin_bomb" value="3" >
    </E>
    <E key="iceskull" value="2" >
    </E>
    <E key="longleg" value="4" >
    </E>
    <E key="miner" value="6" >
    </E>
    <E key="miner_fire" value="3" >
    </E>
    <E key="miner_weak" value="2" >
    </E>
    <E key="potion" value="1" >
    </E>
    <E key="rat" value="8" >
    </E>
    <E key="scavenger_grenade" value="10" >
    </E>
    <E key="scavenger_leader" value="1" >
    </E>
    <E key="scavenger_smg" value="6" >
    </E>
    <E key="shotgunner" value="10" >
    </E>
    <E key="shotgunner_weak" value="1" >
    </E>
    <E key="slimeshooter" value="3" >
    </E>
    <E key="tank" value="1" >
    </E>
    <E key="thundermage" value="1" >
    </E>
    <E key="wizard_neutral" value="1" >
    </E>
    <E key="zombie" value="2" >
    </E>
    <E key="zombie_weak" value="9" >
    </E>
  </kill_map>
</Stats>
