<Stats BUILD_NAME="Noita-Build-Apr 30 2024-14:49:50" >
  <stats biomes_visited_with_wands="3" damage_taken="8.01119" dead="1" death_count="0" death_pos.x="1023.49" death_pos.y="2117.08" enemies_killed="30" gold="265" gold_all="355" gold_infinite="0" healed="0" heart_containers="0" hp="100" items="10" kicks="0" killed_by="Lepakko | melee" killed_by_extra="" places_visited="3" playtime="455.033" playtime_str="0:07:35" projectiles_shot="344" streaks="0" teleports="0" wands_edited="2" world_seed="996421392" >
  </stats>
  <biome_baseline biomes_visited_with_wands="2" damage_taken="4.025" dead="0" death_count="0" death_pos.x="0" death_pos.y="0" enemies_killed="16" gold="136" gold_all="226" gold_infinite="0" healed="0" heart_containers="0" hp="100" items="7" kicks="0" killed_by="" killed_by_extra="" places_visited="2" playtime="284.483" playtime_str="0:04:44" projectiles_shot="132" streaks="0" teleports="0" wands_edited="2" world_seed="996421392" >
  </biome_baseline>
  <item_map>
  </item_map>
  <biomes_visited>
    <E key="$biome_coalmine" value="1" >
    </E>
    <E key="$biome_excavationsite" value="1" >
    </E>
    <E key="$biome_holymountain" value="1" >
    </E>
  </biomes_visited>
</Stats>
