<Stats BUILD_NAME="Noita-Build-Apr  8 2024-18:11:27" >
  <stats biomes_visited_with_wands="4" damage_taken="18.116" dead="1" death_count="0" death_pos.x="2194.54" death_pos.y="4082.98" enemies_killed="76" gold="641" gold_all="896" gold_infinite="0" healed="0" heart_containers="0" hp="100" items="13" kicks="1" killed_by="Kranuhiisi | projectile" killed_by_extra="" places_visited="4" playtime="895.767" playtime_str="0:14:55" projectiles_shot="576" streaks="0" teleports="0" wands_edited="1" world_seed="1864185506" >
  </stats>
  <biome_baseline biomes_visited_with_wands="3" damage_taken="8.22839" dead="0" death_count="0" death_pos.x="0" death_pos.y="0" enemies_killed="52" gold="341" gold_all="596" gold_infinite="0" healed="0" heart_containers="0" hp="100" items="11" kicks="1" killed_by="" killed_by_extra="" places_visited="3" playtime="647.2" playtime_str="0:10:47" projectiles_shot="324" streaks="0" teleports="0" wands_edited="1" world_seed="1864185506" >
  </biome_baseline>
  <item_map>
  </item_map>
  <biomes_visited>
    <E key="$biome_coalmine" value="1" >
    </E>
    <E key="$biome_excavationsite" value="1" >
    </E>
    <E key="$biome_holymountain" value="1" >
    </E>
    <E key="$biome_snowcave" value="1" >
    </E>
  </biomes_visited>
</Stats>
