<Stats BUILD_NAME="Noita-Build-Apr  8 2024-18:11:27" >
  <stats biomes_visited_with_wands="3" damage_taken="7.98371" dead="1" death_count="0" death_pos.x="-227.969" death_pos.y="2611.43" enemies_killed="36" gold="329" gold_all="329" gold_infinite="0" healed="0" heart_containers="0" hp="100" items="3" kicks="2" killed_by="Haulikkohiisi | projectile" killed_by_extra="" places_visited="3" playtime="443.417" playtime_str="0:07:23" projectiles_shot="325" streaks="0" teleports="0" wands_edited="0" world_seed="1294836191" >
  </stats>
  <biome_baseline biomes_visited_with_wands="2" damage_taken="2.37326" dead="0" death_count="0" death_pos.x="0" death_pos.y="0" enemies_killed="30" gold="273" gold_all="273" gold_infinite="0" healed="0" heart_containers="0" hp="100" items="2" kicks="2" killed_by="" killed_by_extra="" places_visited="2" playtime="361.45" playtime_str="0:06:01" projectiles_shot="233" streaks="0" teleports="0" wands_edited="0" world_seed="1294836191" >
  </biome_baseline>
  <item_map>
  </item_map>
  <biomes_visited>
    <E key="$biome_coalmine" value="1" >
    </E>
    <E key="$biome_excavationsite" value="1" >
    </E>
    <E key="$biome_holymountain" value="1" >
    </E>
  </biomes_visited>
</Stats>
