<Stats deaths="0" kills="32" player_kills="0" player_projectile_count="0" >
  <death_map>
  </death_map>
  <kill_map>
    <E key="frog" value="3" >
    </E>
    <E key="longleg" value="2" >
    </E>
    <E key="miner" value="1" >
    </E>
    <E key="miner_weak" value="8" >
    </E>
    <E key="shotgunner" value="1" >
    </E>
    <E key="shotgunner_weak" value="2" >
    </E>
    <E key="slimeshooter_weak" value="2" >
    </E>
    <E key="zombie" value="2" >
    </E>
    <E key="zombie_weak" value="11" >
    </E>
  </kill_map>
</Stats>
