<Stats deaths="1" kills="33" player_kills="0" player_projectile_count="0" >
  <death_map>
    <E key="NULL | $damage_drowning" value="1" >
    </E>
  </death_map>
  <kill_map>
    <E key="bat" value="4" >
    </E>
    <E key="firebug" value="7" >
    </E>
    <E key="longleg" value="2" >
    </E>
    <E key="miner" value="1" >
    </E>
    <E key="miner_weak" value="4" >
    </E>
    <E key="scavenger_glue" value="2" >
    </E>
    <E key="scavenger_smg" value="1" >
    </E>
    <E key="shotgunner" value="1" >
    </E>
    <E key="slimeshooter" value="3" >
    </E>
    <E key="slimeshooter_weak" value="2" >
    </E>
    <E key="zombie_weak" value="6" >
    </E>
  </kill_map>
</Stats>
