<Stats BUILD_NAME="Noita-Build-Apr  8 2024-18:11:27" >
  <stats biomes_visited_with_wands="3" damage_taken="8.31201" dead="1" death_count="0" death_pos.x="525.031" death_pos.y="2137.99" enemies_killed="24" gold="392" gold_all="647" gold_infinite="0" healed="0" heart_containers="0" hp="100" items="11" kicks="3" killed_by="Haulikkohiisi | projectile" killed_by_extra="" places_visited="3" playtime="1060.37" playtime_str="0:17:40" projectiles_shot="388" streaks="0" teleports="0" wands_edited="3" world_seed="1753309307" >
  </stats>
  <biome_baseline biomes_visited_with_wands="2" damage_taken="5.84401" dead="0" death_count="0" death_pos.x="0" death_pos.y="0" enemies_killed="15" gold="5" gold_all="260" gold_infinite="0" healed="0" heart_containers="0" hp="100" items="11" kicks="3" killed_by="" killed_by_extra="" places_visited="2" playtime="790.617" playtime_str="0:13:10" projectiles_shot="262" streaks="0" teleports="0" wands_edited="3" world_seed="1753309307" >
  </biome_baseline>
  <item_map>
  </item_map>
  <biomes_visited>
    <E key="$biome_coalmine" value="1" >
    </E>
    <E key="$biome_excavationsite" value="1" >
    </E>
    <E key="$biome_holymountain" value="1" >
    </E>
  </biomes_visited>
</Stats>
