<Stats BUILD_NAME="Noita-Build-Apr  8 2024-18:11:27" >
  <stats biomes_visited_with_wands="3" damage_taken="7.22839" dead="1" death_count="0" death_pos.x="-1088.62" death_pos.y="2210.05" enemies_killed="12" gold="116" gold_all="116" gold_infinite="0" healed="0" heart_containers="0" hp="100" items="2" kicks="0" killed_by="" killed_by_extra="" places_visited="3" playtime="380.617" playtime_str="0:06:20" projectiles_shot="162" streaks="0" teleports="0" wands_edited="0" world_seed="1094106527" >
  </stats>
  <biome_baseline biomes_visited_with_wands="2" damage_taken="2.375" dead="0" death_count="0" death_pos.x="0" death_pos.y="0" enemies_killed="5" gold="65" gold_all="65" gold_infinite="0" healed="0" heart_containers="0" hp="100" items="1" kicks="0" killed_by="" killed_by_extra="" places_visited="2" playtime="197" playtime_str="0:03:17" projectiles_shot="60" streaks="0" teleports="0" wands_edited="0" world_seed="1094106527" >
  </biome_baseline>
  <item_map>
  </item_map>
  <biomes_visited>
    <E key="$biome_coalmine" value="1" >
    </E>
    <E key="$biome_excavationsite" value="1" >
    </E>
    <E key="$biome_holymountain" value="1" >
    </E>
  </biomes_visited>
</Stats>
