<Stats deaths="1" kills="54" player_kills="0" player_projectile_count="0" >
  <death_map>
    <E key="shotgunner | $damage_projectile" value="1" >
    </E>
  </death_map>
  <kill_map>
    <E key="bat" value="12" >
    </E>
    <E key="firebug" value="5" >
    </E>
    <E key="giantshooter_weak" value="1" >
    </E>
    <E key="goblin_bomb" value="2" >
    </E>
    <E key="longleg" value="7" >
    </E>
    <E key="miner" value="5" >
    </E>
    <E key="miner_fire" value="1" >
    </E>
    <E key="miner_weak" value="1" >
    </E>
    <E key="rat" value="1" >
    </E>
    <E key="scavenger_grenade" value="1" >
    </E>
    <E key="scavenger_smg" value="1" >
    </E>
    <E key="shotgunner" value="3" >
    </E>
    <E key="shotgunner_weak" value="3" >
    </E>
    <E key="slimeshooter" value="4" >
    </E>
    <E key="slimeshooter_weak" value="2" >
    </E>
    <E key="wizard_tele" value="1" >
    </E>
    <E key="zombie_weak" value="4" >
    </E>
  </kill_map>
</Stats>
