<Stats BUILD_NAME="Noita-Build-Apr 30 2024-14:49:50" >
  <stats biomes_visited_with_wands="3" damage_taken="10.8328" dead="1" death_count="0" death_pos.x="182.01" death_pos.y="2158.93" enemies_killed="32" gold="319" gold_all="479" gold_infinite="0" healed="0" heart_containers="0" hp="100" items="8" kicks="0" killed_by=" | damage from material: acid" killed_by_extra="" places_visited="3" playtime="429.45" playtime_str="0:07:09" projectiles_shot="458" streaks="0" teleports="0" wands_edited="2" world_seed="1463439780" >
  </stats>
  <biome_baseline biomes_visited_with_wands="2" damage_taken="3.36041" dead="0" death_count="0" death_pos.x="0" death_pos.y="0" enemies_killed="7" gold="49" gold_all="209" gold_infinite="0" healed="0" heart_containers="0" hp="100" items="4" kicks="0" killed_by="" killed_by_extra="" places_visited="2" playtime="240.95" playtime_str="0:04:00" projectiles_shot="123" streaks="0" teleports="0" wands_edited="2" world_seed="1463439780" >
  </biome_baseline>
  <item_map>
  </item_map>
  <biomes_visited>
    <E key="$biome_coalmine" value="1" >
    </E>
    <E key="$biome_excavationsite" value="1" >
    </E>
    <E key="$biome_holymountain" value="1" >
    </E>
  </biomes_visited>
</Stats>
