<Stats deaths="1" kills="24" player_kills="0" player_projectile_count="0" >
  <death_map>
    <E key="NULL | $damage_electricity" value="1" >
    </E>
  </death_map>
  <kill_map>
    <E key="firebug" value="1" >
    </E>
    <E key="fish" value="1" >
    </E>
    <E key="goblin_bomb" value="1" >
    </E>
    <E key="longleg" value="3" >
    </E>
    <E key="miner_weak" value="3" >
    </E>
    <E key="rat" value="1" >
    </E>
    <E key="shotgunner" value="3" >
    </E>
    <E key="slimeshooter" value="1" >
    </E>
    <E key="slimeshooter_weak" value="1" >
    </E>
    <E key="zombie_weak" value="9" >
    </E>
  </kill_map>
</Stats>
