<Stats BUILD_NAME="Noita-Build-Apr  8 2024-18:11:27" >
  <stats biomes_visited_with_wands="3" damage_taken="12.8153" dead="1" death_count="0" death_pos.x="18.8258" death_pos.y="6038.06" enemies_killed="20" gold="606" gold_all="871" gold_infinite="0" healed="0" heart_containers="0" hp="100" items="12" kicks="2" killed_by="Rynkkyhiisi | projectile" killed_by_extra="" places_visited="3" playtime="511.95" playtime_str="0:08:31" projectiles_shot="318" streaks="0" teleports="0" wands_edited="3" world_seed="90344310" >
  </stats>
  <biome_baseline biomes_visited_with_wands="2" damage_taken="5.50823" dead="0" death_count="0" death_pos.x="0" death_pos.y="0" enemies_killed="19" gold="606" gold_all="871" gold_infinite="0" healed="0" heart_containers="0" hp="100" items="12" kicks="0" killed_by="" killed_by_extra="" places_visited="2" playtime="458.683" playtime_str="0:07:38" projectiles_shot="293" streaks="0" teleports="0" wands_edited="3" world_seed="90344310" >
  </biome_baseline>
  <item_map>
  </item_map>
  <biomes_visited>
    <E key="$biome_holymountain" value="1" >
    </E>
    <E key="$biome_snowcastle" value="1" >
    </E>
    <E key="$biome_snowcave" value="1" >
    </E>
  </biomes_visited>
</Stats>
