<Stats BUILD_NAME="Noita-Build-Apr  8 2024-18:11:27" >
  <stats biomes_visited_with_wands="3" damage_taken="9.3796" dead="1" death_count="0" death_pos.x="-530.31" death_pos.y="1959.08" enemies_killed="13" gold="113" gold_all="113" gold_infinite="0" healed="0" heart_containers="0" hp="100" items="5" kicks="1" killed_by="Lepakko | melee" killed_by_extra="" places_visited="3" playtime="628.233" playtime_str="0:10:28" projectiles_shot="122" streaks="0" teleports="0" wands_edited="0" world_seed="1525193372" >
  </stats>
  <biome_baseline biomes_visited_with_wands="2" damage_taken="3.758" dead="0" death_count="0" death_pos.x="0" death_pos.y="0" enemies_killed="6" gold="71" gold_all="71" gold_infinite="0" healed="0" heart_containers="0" hp="100" items="4" kicks="1" killed_by="" killed_by_extra="" places_visited="2" playtime="442.2" playtime_str="0:07:22" projectiles_shot="58" streaks="0" teleports="0" wands_edited="0" world_seed="1525193372" >
  </biome_baseline>
  <item_map>
  </item_map>
  <biomes_visited>
    <E key="$biome_coalmine" value="1" >
    </E>
    <E key="$biome_excavationsite" value="1" >
    </E>
    <E key="$biome_holymountain" value="1" >
    </E>
  </biomes_visited>
</Stats>
