<Stats BUILD_NAME="Noita-Build-Apr  8 2024-18:11:27" >
  <stats biomes_visited_with_wands="3" damage_taken="8.37105" dead="1" death_count="0" death_pos.x="-1217.02" death_pos.y="1686.01" enemies_killed="38" gold="109" gold_all="299" gold_infinite="0" healed="0" heart_containers="0" hp="100" items="7" kicks="2" killed_by="Minä | projectile" killed_by_extra="" places_visited="3" playtime="747.083" playtime_str="0:12:27" projectiles_shot="145" streaks="0" teleports="0" wands_edited="2" world_seed="2126163242" >
  </stats>
  <biome_baseline biomes_visited_with_wands="2" damage_taken="2.88879" dead="0" death_count="0" death_pos.x="0" death_pos.y="0" enemies_killed="22" gold="39" gold_all="229" gold_infinite="0" healed="0" heart_containers="0" hp="100" items="7" kicks="2" killed_by="" killed_by_extra="" places_visited="2" playtime="538.983" playtime_str="0:08:58" projectiles_shot="110" streaks="0" teleports="0" wands_edited="2" world_seed="2126163242" >
  </biome_baseline>
  <item_map>
  </item_map>
  <biomes_visited>
    <E key="$biome_coalmine" value="1" >
    </E>
    <E key="$biome_excavationsite" value="1" >
    </E>
    <E key="$biome_holymountain" value="1" >
    </E>
  </biomes_visited>
</Stats>
