<Stats BUILD_NAME="Noita-Build-Apr  8 2024-18:11:27" >
  <stats biomes_visited_with_wands="4" damage_taken="8.71461" dead="1" death_count="0" death_pos.x="39.6744" death_pos.y="2107.9" enemies_killed="40" gold="134" gold_all="494" gold_infinite="0" healed="0" heart_containers="0" hp="100" items="6" kicks="0" killed_by="Lepakko | melee" killed_by_extra="" places_visited="4" playtime="642.483" playtime_str="0:10:42" projectiles_shot="461" streaks="0" teleports="0" wands_edited="0" world_seed="1720280288" >
  </stats>
  <biome_baseline biomes_visited_with_wands="3" damage_taken="3.19041" dead="0" death_count="0" death_pos.x="0" death_pos.y="0" enemies_killed="28" gold="4" gold_all="364" gold_infinite="0" healed="0" heart_containers="0" hp="100" items="4" kicks="0" killed_by="" killed_by_extra="" places_visited="3" playtime="445.05" playtime_str="0:07:25" projectiles_shot="401" streaks="0" teleports="0" wands_edited="0" world_seed="1720280288" >
  </biome_baseline>
  <item_map>
  </item_map>
  <biomes_visited>
    <E key="$biome_coalmine" value="1" >
    </E>
    <E key="$biome_coalmine_alt" value="1" >
    </E>
    <E key="$biome_excavationsite" value="1" >
    </E>
    <E key="$biome_holymountain" value="1" >
    </E>
  </biomes_visited>
</Stats>
