<Stats deaths="1" kills="30" player_kills="0" player_projectile_count="0" >
  <death_map>
    <E key="bat | $damage_melee" value="1" >
    </E>
  </death_map>
  <kill_map>
    <E key="bigbat" value="1" >
    </E>
    <E key="firebug" value="5" >
    </E>
    <E key="miner_weak" value="9" >
    </E>
    <E key="rat" value="7" >
    </E>
    <E key="shotgunner" value="1" >
    </E>
    <E key="shotgunner_weak" value="2" >
    </E>
    <E key="slimeshooter_weak" value="1" >
    </E>
    <E key="zombie_weak" value="4" >
    </E>
  </kill_map>
</Stats>
