<Stats deaths="1" kills="27" player_kills="0" player_projectile_count="0" >
  <death_map>
    <E key="NULL | damage from material: lava" value="1" >
    </E>
  </death_map>
  <kill_map>
    <E key="bat" value="3" >
    </E>
    <E key="goblin_bomb" value="1" >
    </E>
    <E key="longleg" value="3" >
    </E>
    <E key="miner" value="3" >
    </E>
    <E key="miner_weak" value="7" >
    </E>
    <E key="shotgunner" value="2" >
    </E>
    <E key="shotgunner_weak" value="5" >
    </E>
    <E key="slimeshooter" value="2" >
    </E>
    <E key="zombie_weak" value="1" >
    </E>
  </kill_map>
</Stats>
