<Stats BUILD_NAME="Noita-Build-Apr  8 2024-18:11:27" >
  <stats biomes_visited_with_wands="3" damage_taken="7.67965" dead="1" death_count="0" death_pos.x="452.255" death_pos.y="2182.95" enemies_killed="15" gold="145" gold_all="145" gold_infinite="0" healed="0" heart_containers="0" hp="100" items="2" kicks="0" killed_by="Suurlepakko | melee" killed_by_extra="" places_visited="3" playtime="296.25" playtime_str="0:04:56" projectiles_shot="366" streaks="0" teleports="0" wands_edited="0" world_seed="996524114" >
  </stats>
  <biome_baseline biomes_visited_with_wands="2" damage_taken="3.26765" dead="0" death_count="0" death_pos.x="0" death_pos.y="0" enemies_killed="12" gold="125" gold_all="125" gold_infinite="0" healed="0" heart_containers="0" hp="100" items="2" kicks="0" killed_by="" killed_by_extra="" places_visited="2" playtime="256.8" playtime_str="0:04:16" projectiles_shot="271" streaks="0" teleports="0" wands_edited="0" world_seed="996524114" >
  </biome_baseline>
  <item_map>
  </item_map>
  <biomes_visited>
    <E key="$biome_coalmine" value="1" >
    </E>
    <E key="$biome_excavationsite" value="1" >
    </E>
    <E key="$biome_holymountain" value="1" >
    </E>
  </biomes_visited>
</Stats>
