<Stats BUILD_NAME="Noita-Build-Apr  8 2024-18:11:27" >
  <stats biomes_visited_with_wands="4" damage_taken="15.8643" dead="1" death_count="0" death_pos.x="267.336" death_pos.y="4129.02" enemies_killed="33" gold="133" gold_all="858" gold_infinite="0" healed="0" heart_containers="0" hp="100" items="10" kicks="5" killed_by="Rynkkyhiisi | projectile" killed_by_extra="" places_visited="4" playtime="1351.43" playtime_str="0:22:31" projectiles_shot="473" streaks="0" teleports="0" wands_edited="2" world_seed="1539849531" >
  </stats>
  <biome_baseline biomes_visited_with_wands="3" damage_taken="7.80439" dead="0" death_count="0" death_pos.x="0" death_pos.y="0" enemies_killed="33" gold="123" gold_all="848" gold_infinite="0" healed="0" heart_containers="0" hp="100" items="9" kicks="5" killed_by="" killed_by_extra="" places_visited="3" playtime="1230.43" playtime_str="0:20:30" projectiles_shot="442" streaks="0" teleports="0" wands_edited="2" world_seed="1539849531" >
  </biome_baseline>
  <item_map>
  </item_map>
  <biomes_visited>
    <E key="$biome_coalmine" value="1" >
    </E>
    <E key="$biome_excavationsite" value="1" >
    </E>
    <E key="$biome_holymountain" value="1" >
    </E>
    <E key="$biome_snowcave" value="1" >
    </E>
  </biomes_visited>
</Stats>
