<Stats BUILD_NAME="Noita-Build-Apr  8 2024-18:11:27" >
  <stats biomes_visited_with_wands="3" damage_taken="7.21125" dead="1" death_count="0" death_pos.x="651.1" death_pos.y="2266.53" enemies_killed="40" gold="217" gold_all="397" gold_infinite="0" healed="0" heart_containers="0" hp="100" items="7" kicks="0" killed_by="Suurtulikärpänen | melee" killed_by_extra="" places_visited="3" playtime="397.717" playtime_str="0:06:37" projectiles_shot="347" streaks="0" teleports="0" wands_edited="2" world_seed="125264304" >
  </stats>
  <biome_baseline biomes_visited_with_wands="2" damage_taken="2.56786" dead="0" death_count="0" death_pos.x="0" death_pos.y="0" enemies_killed="31" gold="140" gold_all="320" gold_infinite="0" healed="0" heart_containers="0" hp="100" items="6" kicks="0" killed_by="" killed_by_extra="" places_visited="2" playtime="302" playtime_str="0:05:02" projectiles_shot="244" streaks="0" teleports="0" wands_edited="2" world_seed="125264304" >
  </biome_baseline>
  <item_map>
  </item_map>
  <biomes_visited>
    <E key="$biome_coalmine" value="1" >
    </E>
    <E key="$biome_excavationsite" value="1" >
    </E>
    <E key="$biome_holymountain" value="1" >
    </E>
  </biomes_visited>
</Stats>
