<Stats deaths="1" kills="51" player_kills="0" player_projectile_count="0" >
  <death_map>
    <E key="scavenger_grenade | $damage_projectile" value="1" >
    </E>
  </death_map>
  <kill_map>
    <E key="bat" value="6" >
    </E>
    <E key="berserkspirit" value="1" >
    </E>
    <E key="bigbat" value="1" >
    </E>
    <E key="bigfirebug" value="1" >
    </E>
    <E key="chest_mimic" value="1" >
    </E>
    <E key="firebug" value="6" >
    </E>
    <E key="firebugnest" value="1" >
    </E>
    <E key="firemage_weak" value="1" >
    </E>
    <E key="goblin_bomb" value="1" >
    </E>
    <E key="iceskull" value="1" >
    </E>
    <E key="longleg" value="2" >
    </E>
    <E key="miner" value="1" >
    </E>
    <E key="miner_weak" value="1" >
    </E>
    <E key="rat" value="7" >
    </E>
    <E key="scavenger_grenade" value="4" >
    </E>
    <E key="scavenger_leader" value="1" >
    </E>
    <E key="scavenger_smg" value="1" >
    </E>
    <E key="shotgunner" value="4" >
    </E>
    <E key="shotgunner_weak" value="1" >
    </E>
    <E key="slimeshooter" value="4" >
    </E>
    <E key="tank" value="1" >
    </E>
    <E key="zombie_weak" value="4" >
    </E>
  </kill_map>
</Stats>
