<Stats deaths="1" kills="20" player_kills="0" player_projectile_count="0" >
  <death_map>
    <E key="scavenger_smg | $damage_projectile" value="1" >
    </E>
  </death_map>
  <kill_map>
    <E key="icemage" value="1" >
    </E>
    <E key="iceskull" value="1" >
    </E>
    <E key="rat" value="2" >
    </E>
    <E key="scavenger_grenade" value="2" >
    </E>
    <E key="scavenger_smg" value="3" >
    </E>
    <E key="shotgunner" value="5" >
    </E>
    <E key="slimeshooter" value="1" >
    </E>
    <E key="sniper" value="1" >
    </E>
    <E key="tank" value="1" >
    </E>
    <E key="thundermage" value="3" >
    </E>
  </kill_map>
</Stats>
