<Stats BUILD_NAME="Noita-Build-Apr  8 2024-18:11:27" >
  <stats biomes_visited_with_wands="5" damage_taken="11.6354" dead="1" death_count="0" death_pos.x="-1639.59" death_pos.y="3285.37" enemies_killed="33" gold="213" gold_all="303" gold_infinite="0" healed="0" heart_containers="0" hp="100" items="12" kicks="0" killed_by=" | drowning" killed_by_extra="" places_visited="5" playtime="833.833" playtime_str="0:13:53" projectiles_shot="983" streaks="0" teleports="0" wands_edited="0" world_seed="875533596" >
  </stats>
  <biome_baseline biomes_visited_with_wands="4" damage_taken="6.82699" dead="0" death_count="0" death_pos.x="0" death_pos.y="0" enemies_killed="29" gold="103" gold_all="193" gold_infinite="0" healed="0" heart_containers="0" hp="100" items="9" kicks="0" killed_by="" killed_by_extra="" places_visited="4" playtime="637.333" playtime_str="0:10:37" projectiles_shot="636" streaks="0" teleports="0" wands_edited="0" world_seed="875533596" >
  </biome_baseline>
  <item_map>
  </item_map>
  <biomes_visited>
    <E key="$biome_coalmine" value="1" >
    </E>
    <E key="$biome_coalmine_alt" value="1" >
    </E>
    <E key="$biome_excavationsite" value="1" >
    </E>
    <E key="$biome_holymountain" value="1" >
    </E>
    <E key="$biome_snowcave" value="1" >
    </E>
  </biomes_visited>
</Stats>
