<Stats BUILD_NAME="Noita-Build-Apr  8 2024-18:11:27" >
  <stats biomes_visited_with_wands="3" damage_taken="7.708" dead="1" death_count="0" death_pos.x="105.576" death_pos.y="2227.5" enemies_killed="19" gold="79" gold_all="239" gold_infinite="0" healed="0" heart_containers="0" hp="100" items="4" kicks="2" killed_by="" killed_by_extra="" places_visited="3" playtime="618.617" playtime_str="0:10:18" projectiles_shot="127" streaks="0" teleports="0" wands_edited="3" world_seed="176194088" >
  </stats>
  <biome_baseline biomes_visited_with_wands="2" damage_taken="3.946" dead="0" death_count="0" death_pos.x="0" death_pos.y="0" enemies_killed="16" gold="22" gold_all="182" gold_infinite="0" healed="0" heart_containers="0" hp="100" items="4" kicks="2" killed_by="" killed_by_extra="" places_visited="2" playtime="536.767" playtime_str="0:08:56" projectiles_shot="100" streaks="0" teleports="0" wands_edited="3" world_seed="176194088" >
  </biome_baseline>
  <item_map>
  </item_map>
  <biomes_visited>
    <E key="$biome_coalmine" value="1" >
    </E>
    <E key="$biome_excavationsite" value="1" >
    </E>
    <E key="$biome_holymountain" value="1" >
    </E>
  </biomes_visited>
</Stats>
