<Stats deaths="1" kills="46" player_kills="0" player_projectile_count="0" >
  <death_map>
    <E key="iceskull | $damage_ice" value="1" >
    </E>
  </death_map>
  <kill_map>
    <E key="bigfirebug" value="1" >
    </E>
    <E key="firebug" value="10" >
    </E>
    <E key="firemage_weak" value="1" >
    </E>
    <E key="fish" value="3" >
    </E>
    <E key="iceskull" value="1" >
    </E>
    <E key="longleg" value="8" >
    </E>
    <E key="miner" value="6" >
    </E>
    <E key="miner_weak" value="3" >
    </E>
    <E key="scavenger_smg" value="1" >
    </E>
    <E key="shotgunner_weak" value="3" >
    </E>
    <E key="slimeshooter_weak" value="2" >
    </E>
    <E key="tank_rocket" value="1" >
    </E>
    <E key="tnt" value="1" >
    </E>
    <E key="zombie_weak" value="5" >
    </E>
  </kill_map>
</Stats>
