<Stats BUILD_NAME="Noita-Build-Apr  8 2024-18:11:27" >
  <stats biomes_visited_with_wands="4" damage_taken="17.4116" dead="1" death_count="0" death_pos.x="-2065.72" death_pos.y="4193.69" enemies_killed="68" gold="138" gold_all="893" gold_infinite="0" healed="0" heart_containers="0" hp="100" items="17" kicks="5" killed_by="Snipuhiisi | projectile" killed_by_extra="" places_visited="4" playtime="1637.25" playtime_str="0:27:17" projectiles_shot="1884" streaks="0" teleports="0" wands_edited="4" world_seed="66285451" >
  </stats>
  <biome_baseline biomes_visited_with_wands="3" damage_taken="8.07338" dead="0" death_count="0" death_pos.x="0" death_pos.y="0" enemies_killed="45" gold="28" gold_all="783" gold_infinite="0" healed="0" heart_containers="0" hp="100" items="16" kicks="5" killed_by="" killed_by_extra="" places_visited="3" playtime="1340.88" playtime_str="0:22:20" projectiles_shot="1154" streaks="0" teleports="0" wands_edited="4" world_seed="66285451" >
  </biome_baseline>
  <item_map>
  </item_map>
  <biomes_visited>
    <E key="$biome_coalmine" value="1" >
    </E>
    <E key="$biome_excavationsite" value="1" >
    </E>
    <E key="$biome_holymountain" value="1" >
    </E>
    <E key="$biome_snowcave" value="1" >
    </E>
  </biomes_visited>
</Stats>
