<Stats deaths="1" kills="43" player_kills="0" player_projectile_count="0" >
  <death_map>
    <E key="NULL | $damage_fire" value="1" >
    </E>
  </death_map>
  <kill_map>
    <E key="egg_red" value="2" >
    </E>
    <E key="longleg" value="23" >
    </E>
    <E key="miner_weak" value="9" >
    </E>
    <E key="shotgunner_weak" value="3" >
    </E>
    <E key="slimeshooter_weak" value="3" >
    </E>
    <E key="zombie_weak" value="3" >
    </E>
  </kill_map>
</Stats>
