<Stats deaths="1" kills="44" player_kills="0" player_projectile_count="0" >
  <death_map>
    <E key="bigfirebug | $damage_fire" value="1" >
    </E>
  </death_map>
  <kill_map>
    <E key="bigfirebug" value="3" >
    </E>
    <E key="firebug" value="7" >
    </E>
    <E key="firebugnest" value="1" >
    </E>
    <E key="longleg" value="6" >
    </E>
    <E key="miner_weak" value="7" >
    </E>
    <E key="rat" value="4" >
    </E>
    <E key="shotgunner" value="1" >
    </E>
    <E key="shotgunner_weak" value="5" >
    </E>
    <E key="slimeshooter" value="1" >
    </E>
    <E key="slimeshooter_weak" value="2" >
    </E>
    <E key="zombie_weak" value="7" >
    </E>
  </kill_map>
</Stats>
