<Stats deaths="1" kills="68" player_kills="0" player_projectile_count="0" >
  <death_map>
    <E key="sniper | $damage_projectile" value="1" >
    </E>
  </death_map>
  <kill_map>
    <E key="alchemist" value="1" >
    </E>
    <E key="bat" value="10" >
    </E>
    <E key="chest_mimic" value="1" >
    </E>
    <E key="firebug" value="7" >
    </E>
    <E key="firebugnest" value="1" >
    </E>
    <E key="iceskull" value="2" >
    </E>
    <E key="longleg" value="1" >
    </E>
    <E key="miner" value="3" >
    </E>
    <E key="miner_weak" value="3" >
    </E>
    <E key="pebble_physics" value="2" >
    </E>
    <E key="rat" value="3" >
    </E>
    <E key="scavenger_grenade" value="3" >
    </E>
    <E key="scavenger_smg" value="4" >
    </E>
    <E key="shotgunner" value="5" >
    </E>
    <E key="shotgunner_weak" value="3" >
    </E>
    <E key="slimeshooter" value="3" >
    </E>
    <E key="slimeshooter_weak" value="2" >
    </E>
    <E key="sniper" value="3" >
    </E>
    <E key="tank" value="2" >
    </E>
    <E key="thundermage" value="1" >
    </E>
    <E key="zombie_weak" value="8" >
    </E>
  </kill_map>
</Stats>
