<Stats BUILD_NAME="Noita-Build-Apr  8 2024-18:11:27" >
  <stats biomes_visited_with_wands="4" damage_taken="7.54919" dead="1" death_count="0" death_pos.x="1260.9" death_pos.y="2124.47" enemies_killed="16" gold="224" gold_all="734" gold_infinite="0" healed="0" heart_containers="0" hp="100" items="3" kicks="5" killed_by="Lepakko | melee" killed_by_extra="" places_visited="4" playtime="589.35" playtime_str="0:09:49" projectiles_shot="513" streaks="0" teleports="0" wands_edited="0" world_seed="288597180" >
  </stats>
  <biome_baseline biomes_visited_with_wands="3" damage_taken="3.07766" dead="0" death_count="0" death_pos.x="0" death_pos.y="0" enemies_killed="7" gold="65" gold_all="575" gold_infinite="0" healed="0" heart_containers="0" hp="100" items="3" kicks="2" killed_by="" killed_by_extra="" places_visited="3" playtime="417.783" playtime_str="0:06:57" projectiles_shot="250" streaks="0" teleports="0" wands_edited="0" world_seed="288597180" >
  </biome_baseline>
  <item_map>
  </item_map>
  <biomes_visited>
    <E key="$biome_coalmine" value="1" >
    </E>
    <E key="$biome_coalmine_alt" value="1" >
    </E>
    <E key="$biome_excavationsite" value="1" >
    </E>
    <E key="$biome_holymountain" value="1" >
    </E>
  </biomes_visited>
</Stats>
