<Stats BUILD_NAME="Noita-Build-Apr 30 2024-14:49:50" >
  <stats biomes_visited_with_wands="4" damage_taken="12.1207" dead="1" death_count="0" death_pos.x="-751.659" death_pos.y="2924.9" enemies_killed="28" gold="278" gold_all="473" gold_infinite="0" healed="0" heart_containers="0" hp="100" items="10" kicks="0" killed_by=" | heavy impact" killed_by_extra="" places_visited="4" playtime="685.967" playtime_str="0:11:25" projectiles_shot="220" streaks="0" teleports="0" wands_edited="5" world_seed="413945725" >
  </stats>
  <biome_baseline biomes_visited_with_wands="3" damage_taken="7.02505" dead="0" death_count="0" death_pos.x="0" death_pos.y="0" enemies_killed="27" gold="363" gold_all="398" gold_infinite="0" healed="0" heart_containers="0" hp="100" items="8" kicks="0" killed_by="" killed_by_extra="" places_visited="3" playtime="589.383" playtime_str="0:09:49" projectiles_shot="196" streaks="0" teleports="0" wands_edited="3" world_seed="413945725" >
  </biome_baseline>
  <item_map>
  </item_map>
  <biomes_visited>
    <E key="$biome_coalmine" value="1" >
    </E>
    <E key="$biome_coalmine_alt" value="1" >
    </E>
    <E key="$biome_excavationsite" value="1" >
    </E>
    <E key="$biome_holymountain" value="1" >
    </E>
  </biomes_visited>
</Stats>
