<Stats BUILD_NAME="Noita-Build-Apr  8 2024-18:11:27" >
  <stats biomes_visited_with_wands="6" damage_taken="19.1971" dead="1" death_count="0" death_pos.x="792.515" death_pos.y="5154.05" enemies_killed="94" gold="478" gold_all="1123" gold_infinite="0" healed="0.4" heart_containers="0" hp="100" items="12" kicks="4" killed_by=" | explosion" killed_by_extra="" places_visited="6" playtime="1439.23" playtime_str="0:23:59" projectiles_shot="845" streaks="0" teleports="0" wands_edited="3" world_seed="1465798113" >
  </stats>
  <biome_baseline biomes_visited_with_wands="5" damage_taken="11.5611" dead="0" death_count="0" death_pos.x="0" death_pos.y="0" enemies_killed="88" gold="268" gold_all="913" gold_infinite="0" healed="0" heart_containers="0" hp="100" items="11" kicks="1" killed_by="" killed_by_extra="" places_visited="5" playtime="1237.6" playtime_str="0:20:37" projectiles_shot="667" streaks="0" teleports="0" wands_edited="3" world_seed="1465798113" >
  </biome_baseline>
  <item_map>
  </item_map>
  <biomes_visited>
    <E key="$biome_coalmine" value="1" >
    </E>
    <E key="$biome_coalmine_alt" value="1" >
    </E>
    <E key="$biome_excavationsite" value="1" >
    </E>
    <E key="$biome_holymountain" value="1" >
    </E>
    <E key="$biome_snowcastle" value="1" >
    </E>
    <E key="$biome_snowcave" value="1" >
    </E>
  </biomes_visited>
</Stats>
