<Stats deaths="1" kills="9" player_kills="0" player_projectile_count="0" >
  <death_map>
    <E key="NULL | damage from material: freezing vapour" value="1" >
    </E>
  </death_map>
  <kill_map>
    <E key="firebug" value="1" >
    </E>
    <E key="giant" value="1" >
    </E>
    <E key="goblin_bomb" value="1" >
    </E>
    <E key="iceskull" value="1" >
    </E>
    <E key="mine" value="1" >
    </E>
    <E key="miner" value="1" >
    </E>
    <E key="pebble_physics" value="1" >
    </E>
    <E key="rat" value="1" >
    </E>
    <E key="shotgunner" value="1" >
    </E>
  </kill_map>
</Stats>
