<Stats deaths="1" kills="33" player_kills="0" player_projectile_count="0" >
  <death_map>
    <E key="scavenger_smg | $damage_projectile" value="1" >
    </E>
  </death_map>
  <kill_map>
    <E key="bat" value="3" >
    </E>
    <E key="firebug" value="8" >
    </E>
    <E key="fish" value="1" >
    </E>
    <E key="longleg" value="8" >
    </E>
    <E key="miner" value="2" >
    </E>
    <E key="miner_weak" value="3" >
    </E>
    <E key="shotgunner" value="3" >
    </E>
    <E key="shotgunner_weak" value="2" >
    </E>
    <E key="slimeshooter" value="2" >
    </E>
    <E key="zombie_weak" value="1" >
    </E>
  </kill_map>
</Stats>
