<Stats deaths="1" kills="28" player_kills="1" player_projectile_count="0" >
  <death_map>
    <E key="player | $damage_explosion" value="1" >
    </E>
  </death_map>
  <kill_map>
    <E key="acidshooter_weak" value="1" >
    </E>
    <E key="longleg" value="8" >
    </E>
    <E key="player" value="1" >
    </E>
    <E key="shotgunner_weak" value="1" >
    </E>
    <E key="slimeshooter" value="3" >
    </E>
    <E key="slimeshooter_weak" value="4" >
    </E>
    <E key="zombie_weak" value="10" >
    </E>
  </kill_map>
</Stats>
