<Stats deaths="0" kills="52" player_kills="0" player_projectile_count="0" >
  <death_map>
  </death_map>
  <kill_map>
    <E key="acidshooter_weak" value="1" >
    </E>
    <E key="acidshot" value="6" >
    </E>
    <E key="bat" value="10" >
    </E>
    <E key="bigbat" value="1" >
    </E>
    <E key="frog" value="2" >
    </E>
    <E key="goblin_bomb" value="1" >
    </E>
    <E key="longleg" value="15" >
    </E>
    <E key="miner_fire" value="2" >
    </E>
    <E key="miner_weak" value="3" >
    </E>
    <E key="potion" value="1" >
    </E>
    <E key="shotgunner" value="1" >
    </E>
    <E key="slimeshooter_weak" value="2" >
    </E>
    <E key="zombie" value="1" >
    </E>
    <E key="zombie_weak" value="6" >
    </E>
  </kill_map>
</Stats>
