<Stats BUILD_NAME="Noita-Build-Apr  8 2024-18:11:27" >
  <stats biomes_visited_with_wands="4" damage_taken="11.7378" dead="1" death_count="0" death_pos.x="1225.66" death_pos.y="4446.02" enemies_killed="35" gold="241" gold_all="821" gold_infinite="0" healed="0" heart_containers="0" hp="100" items="11" kicks="6" killed_by="Haulikkohiisi | projectile" killed_by_extra="" places_visited="4" playtime="1805.03" playtime_str="0:30:05" projectiles_shot="2246" streaks="0" teleports="0" wands_edited="3" world_seed="490059412" >
  </stats>
  <biome_baseline biomes_visited_with_wands="3" damage_taken="6.78232" dead="0" death_count="0" death_pos.x="0" death_pos.y="0" enemies_killed="26" gold="51" gold_all="631" gold_infinite="0" healed="0" heart_containers="0" hp="100" items="10" kicks="2" killed_by="" killed_by_extra="" places_visited="3" playtime="1473.57" playtime_str="0:24:33" projectiles_shot="351" streaks="0" teleports="0" wands_edited="3" world_seed="490059412" >
  </biome_baseline>
  <item_map>
  </item_map>
  <biomes_visited>
    <E key="$biome_coalmine" value="1" >
    </E>
    <E key="$biome_excavationsite" value="1" >
    </E>
    <E key="$biome_holymountain" value="1" >
    </E>
    <E key="$biome_snowcave" value="1" >
    </E>
  </biomes_visited>
</Stats>
