<Stats BUILD_NAME="Noita-Build-Apr  8 2024-18:11:27" >
  <stats biomes_visited_with_wands="7" damage_taken="32.2922" dead="1" death_count="0" death_pos.x="-48.4888" death_pos.y="9091.9" enemies_killed="45" gold="624" gold_all="1429" gold_infinite="0" healed="0" heart_containers="0" hp="100" items="14" kicks="3" killed_by=" | plasma beam" killed_by_extra="" places_visited="7" playtime="1033.82" playtime_str="0:17:13" projectiles_shot="355" streaks="0" teleports="0" wands_edited="4" world_seed="1176362519" >
  </stats>
  <biome_baseline biomes_visited_with_wands="6" damage_taken="22.8422" dead="0" death_count="0" death_pos.x="0" death_pos.y="0" enemies_killed="39" gold="534" gold_all="1339" gold_infinite="0" healed="0" heart_containers="0" hp="100" items="13" kicks="0" killed_by="" killed_by_extra="" places_visited="6" playtime="985.933" playtime_str="0:16:25" projectiles_shot="333" streaks="0" teleports="0" wands_edited="4" world_seed="1176362519" >
  </biome_baseline>
  <item_map>
  </item_map>
  <biomes_visited>
    <E key="$biome_coalmine" value="1" >
    </E>
    <E key="$biome_excavationsite" value="1" >
    </E>
    <E key="$biome_holymountain" value="1" >
    </E>
    <E key="$biome_rainforest" value="1" >
    </E>
    <E key="$biome_snowcastle" value="1" >
    </E>
    <E key="$biome_snowcave" value="1" >
    </E>
    <E key="$biome_vault" value="1" >
    </E>
  </biomes_visited>
</Stats>
