<Stats deaths="1" kills="80" player_kills="1" player_projectile_count="0" >
  <death_map>
    <E key="player | $damage_explosion" value="1" >
    </E>
  </death_map>
  <kill_map>
    <E key="alchemist" value="1" >
    </E>
    <E key="bat" value="8" >
    </E>
    <E key="bigbat" value="2" >
    </E>
    <E key="bomb" value="4" >
    </E>
    <E key="firebug" value="6" >
    </E>
    <E key="giant" value="1" >
    </E>
    <E key="goblin_bomb" value="2" >
    </E>
    <E key="iceskull" value="1" >
    </E>
    <E key="longleg" value="2" >
    </E>
    <E key="miner" value="2" >
    </E>
    <E key="miner_fire" value="1" >
    </E>
    <E key="miner_weak" value="1" >
    </E>
    <E key="pebble_physics" value="2" >
    </E>
    <E key="pipe_bomb" value="2" >
    </E>
    <E key="player" value="1" >
    </E>
    <E key="potion_aggressive" value="1" >
    </E>
    <E key="rat" value="2" >
    </E>
    <E key="scavenger_grenade" value="10" >
    </E>
    <E key="scavenger_leader" value="1" >
    </E>
    <E key="scavenger_smg" value="5" >
    </E>
    <E key="sheep" value="1" >
    </E>
    <E key="shotgunner" value="3" >
    </E>
    <E key="shotgunner_weak" value="1" >
    </E>
    <E key="slime" value="3" >
    </E>
    <E key="slimeshooter_weak" value="2" >
    </E>
    <E key="sniper" value="2" >
    </E>
    <E key="tank" value="1" >
    </E>
    <E key="zombie_weak" value="12" >
    </E>
  </kill_map>
</Stats>
