<Stats BUILD_NAME="Noita-Build-Apr  8 2024-18:11:27" >
  <stats biomes_visited_with_wands="2" damage_taken="4.82899" dead="1" death_count="0" death_pos.x="-666.411" death_pos.y="1413.9" enemies_killed="7" gold="35" gold_all="35" gold_infinite="0" healed="0" heart_containers="0" hp="100" items="4" kicks="0" killed_by="IT-Tankki | projectile" killed_by_extra="" places_visited="2" playtime="257.967" playtime_str="0:04:17" projectiles_shot="105" streaks="0" teleports="0" wands_edited="0" world_seed="1739046608" >
  </stats>
  <biome_baseline biomes_visited_with_wands="0" damage_taken="0" dead="0" death_count="0" death_pos.x="0" death_pos.y="0" enemies_killed="0" gold="0" gold_all="0" gold_infinite="0" healed="0" heart_containers="0" hp="100" items="0" kicks="0" killed_by="" killed_by_extra="" places_visited="0" playtime="0" playtime_str="" projectiles_shot="0" streaks="0" teleports="0" wands_edited="0" world_seed="0" >
  </biome_baseline>
  <item_map>
  </item_map>
  <biomes_visited>
    <E key="$biome_coalmine" value="1" >
    </E>
    <E key="$biome_holymountain" value="1" >
    </E>
  </biomes_visited>
</Stats>
