<Stats BUILD_NAME="Noita-Build-Apr  8 2024-18:11:27" >
  <stats biomes_visited_with_wands="5" damage_taken="17.1218" dead="1" death_count="0" death_pos.x="-68.1435" death_pos.y="5871.37" enemies_killed="79" gold="568" gold_all="1338" gold_infinite="0" healed="0" heart_containers="0" hp="100" items="9" kicks="1" killed_by="Snipuhiisi | projectile" killed_by_extra="" places_visited="5" playtime="1189.3" playtime_str="0:19:49" projectiles_shot="1518" streaks="0" teleports="0" wands_edited="4" world_seed="2135106433" >
  </stats>
  <biome_baseline biomes_visited_with_wands="4" damage_taken="9.04916" dead="0" death_count="0" death_pos.x="0" death_pos.y="0" enemies_killed="53" gold="48" gold_all="818" gold_infinite="0" healed="0" heart_containers="0" hp="100" items="9" kicks="1" killed_by="" killed_by_extra="" places_visited="4" playtime="1004.4" playtime_str="0:16:44" projectiles_shot="1139" streaks="0" teleports="0" wands_edited="4" world_seed="2135106433" >
  </biome_baseline>
  <item_map>
  </item_map>
  <biomes_visited>
    <E key="$biome_coalmine" value="1" >
    </E>
    <E key="$biome_excavationsite" value="1" >
    </E>
    <E key="$biome_holymountain" value="1" >
    </E>
    <E key="$biome_snowcastle" value="1" >
    </E>
    <E key="$biome_snowcave" value="1" >
    </E>
  </biomes_visited>
</Stats>
