<Stats BUILD_NAME="Noita-Build-Apr  8 2024-18:11:27" >
  <stats biomes_visited_with_wands="6" damage_taken="18.1957" dead="1" death_count="0" death_pos.x="-6.11599" death_pos.y="5564.23" enemies_killed="88" gold="1021" gold_all="1951" gold_infinite="0" healed="0" heart_containers="0" hp="100" items="17" kicks="6" killed_by=" | explosion" killed_by_extra="" places_visited="6" playtime="1671.8" playtime_str="0:27:51" projectiles_shot="389" streaks="0" teleports="0" wands_edited="4" world_seed="782950420" >
  </stats>
  <biome_baseline biomes_visited_with_wands="5" damage_taken="10.9863" dead="0" death_count="0" death_pos.x="0" death_pos.y="0" enemies_killed="68" gold="421" gold_all="1351" gold_infinite="0" healed="0" heart_containers="0" hp="100" items="17" kicks="6" killed_by="" killed_by_extra="" places_visited="5" playtime="1470.5" playtime_str="0:24:30" projectiles_shot="359" streaks="0" teleports="0" wands_edited="4" world_seed="782950420" >
  </biome_baseline>
  <item_map>
  </item_map>
  <biomes_visited>
    <E key="$biome_coalmine" value="1" >
    </E>
    <E key="$biome_coalmine_alt" value="1" >
    </E>
    <E key="$biome_excavationsite" value="1" >
    </E>
    <E key="$biome_holymountain" value="1" >
    </E>
    <E key="$biome_snowcastle" value="1" >
    </E>
    <E key="$biome_snowcave" value="1" >
    </E>
  </biomes_visited>
</Stats>
