<Stats deaths="1" kills="47" player_kills="0" player_projectile_count="0" >
  <death_map>
    <E key="necromancer_shop | $damage_explosion" value="1" >
    </E>
  </death_map>
  <kill_map>
    <E key="bat" value="5" >
    </E>
    <E key="firemage_weak" value="1" >
    </E>
    <E key="fungus" value="1" >
    </E>
    <E key="longleg" value="7" >
    </E>
    <E key="miner" value="1" >
    </E>
    <E key="miner_weak" value="10" >
    </E>
    <E key="shotgunner" value="2" >
    </E>
    <E key="shotgunner_weak" value="4" >
    </E>
    <E key="slime" value="5" >
    </E>
    <E key="slimeshooter" value="2" >
    </E>
    <E key="slimeshooter_weak" value="3" >
    </E>
    <E key="tnt" value="1" >
    </E>
    <E key="zombie" value="1" >
    </E>
    <E key="zombie_weak" value="4" >
    </E>
  </kill_map>
</Stats>
