<Stats deaths="1" kills="155" player_kills="0" player_projectile_count="0" >
  <death_map>
    <E key="NULL | $damage_fire" value="1" >
    </E>
  </death_map>
  <kill_map>
    <E key="ant" value="1" >
    </E>
    <E key="bat" value="11" >
    </E>
    <E key="bigbat" value="2" >
    </E>
    <E key="bigfirebug" value="2" >
    </E>
    <E key="coward" value="2" >
    </E>
    <E key="drone_lasership" value="1" >
    </E>
    <E key="firebug" value="5" >
    </E>
    <E key="fungus" value="2" >
    </E>
    <E key="giant" value="2" >
    </E>
    <E key="giantshooter" value="1" >
    </E>
    <E key="goblin_bomb" value="4" >
    </E>
    <E key="iceskull" value="4" >
    </E>
    <E key="longleg" value="19" >
    </E>
    <E key="miner" value="6" >
    </E>
    <E key="miner_weak" value="3" >
    </E>
    <E key="pebble_physics" value="5" >
    </E>
    <E key="rat" value="14" >
    </E>
    <E key="scavenger_grenade" value="22" >
    </E>
    <E key="scavenger_heal" value="2" >
    </E>
    <E key="scavenger_leader" value="1" >
    </E>
    <E key="scavenger_smg" value="11" >
    </E>
    <E key="shotgunner" value="8" >
    </E>
    <E key="shotgunner_weak" value="1" >
    </E>
    <E key="slimeshooter" value="5" >
    </E>
    <E key="slimeshooter_weak" value="2" >
    </E>
    <E key="sniper" value="3" >
    </E>
    <E key="tank" value="3" >
    </E>
    <E key="tentacler" value="1" >
    </E>
    <E key="wizard_tele" value="1" >
    </E>
    <E key="zombie_weak" value="11" >
    </E>
  </kill_map>
</Stats>
