<Stats BUILD_NAME="Noita-Build-Apr  8 2024-18:11:27" >
  <stats biomes_visited_with_wands="3" damage_taken="6.86861" dead="1" death_count="0" death_pos.x="750.33" death_pos.y="1560.18" enemies_killed="33" gold="230" gold_all="500" gold_infinite="0" healed="0" heart_containers="0" hp="100" items="7" kicks="4" killed_by="Kummitus | slice" killed_by_extra="" places_visited="3" playtime="667.233" playtime_str="0:11:07" projectiles_shot="578" streaks="0" teleports="0" wands_edited="2" world_seed="514013567" >
  </stats>
  <biome_baseline biomes_visited_with_wands="2" damage_taken="1.40733" dead="0" death_count="0" death_pos.x="0" death_pos.y="0" enemies_killed="32" gold="229" gold_all="499" gold_infinite="0" healed="0" heart_containers="0" hp="100" items="7" kicks="4" killed_by="" killed_by_extra="" places_visited="2" playtime="602.133" playtime_str="0:10:02" projectiles_shot="496" streaks="0" teleports="0" wands_edited="2" world_seed="514013567" >
  </biome_baseline>
  <item_map>
  </item_map>
  <biomes_visited>
    <E key="$biome_coalmine" value="1" >
    </E>
    <E key="$biome_excavationsite" value="1" >
    </E>
    <E key="$biome_holymountain" value="1" >
    </E>
  </biomes_visited>
</Stats>
