<Stats deaths="1" kills="54" player_kills="0" player_projectile_count="0" >
  <death_map>
    <E key="iceskull | $damage_melee" value="1" >
    </E>
  </death_map>
  <kill_map>
    <E key="bat" value="10" >
    </E>
    <E key="bigbat" value="1" >
    </E>
    <E key="firebug" value="9" >
    </E>
    <E key="fireskull" value="1" >
    </E>
    <E key="frog" value="3" >
    </E>
    <E key="goblin_bomb" value="2" >
    </E>
    <E key="iceskull" value="1" >
    </E>
    <E key="longleg" value="3" >
    </E>
    <E key="miner" value="4" >
    </E>
    <E key="miner_fire" value="1" >
    </E>
    <E key="miner_weak" value="2" >
    </E>
    <E key="rat" value="3" >
    </E>
    <E key="shotgunner" value="4" >
    </E>
    <E key="shotgunner_weak" value="1" >
    </E>
    <E key="slime" value="1" >
    </E>
    <E key="slimeshooter" value="1" >
    </E>
    <E key="zombie" value="2" >
    </E>
    <E key="zombie_weak" value="5" >
    </E>
  </kill_map>
</Stats>
