<Stats BUILD_NAME="Noita-Build-Apr  8 2024-18:11:27" >
  <stats biomes_visited_with_wands="5" damage_taken="10.3439" dead="1" death_count="0" death_pos.x="-814.461" death_pos.y="4038.37" enemies_killed="82" gold="1248" gold_all="1528" gold_infinite="0" healed="0" heart_containers="0" hp="100" items="10" kicks="1" killed_by=" | fire" killed_by_extra="" places_visited="5" playtime="1228.83" playtime_str="0:20:28" projectiles_shot="1555" streaks="0" teleports="0" wands_edited="4" world_seed="1127693404" >
  </stats>
  <biome_baseline biomes_visited_with_wands="4" damage_taken="4.54273" dead="0" death_count="0" death_pos.x="0" death_pos.y="0" enemies_killed="51" gold="608" gold_all="888" gold_infinite="0" healed="0" heart_containers="0" hp="100" items="9" kicks="1" killed_by="" killed_by_extra="" places_visited="4" playtime="1004.23" playtime_str="0:16:44" projectiles_shot="1329" streaks="0" teleports="0" wands_edited="4" world_seed="1127693404" >
  </biome_baseline>
  <item_map>
  </item_map>
  <biomes_visited>
    <E key="$biome_coalmine" value="1" >
    </E>
    <E key="$biome_coalmine_alt" value="1" >
    </E>
    <E key="$biome_excavationsite" value="1" >
    </E>
    <E key="$biome_holymountain" value="1" >
    </E>
    <E key="$biome_snowcave" value="1" >
    </E>
  </biomes_visited>
</Stats>
