<Stats BUILD_NAME="Noita-Build-Apr  8 2024-18:11:27" >
  <stats biomes_visited_with_wands="3" damage_taken="9.05676" dead="1" death_count="0" death_pos.x="-1299.83" death_pos.y="2636.13" enemies_killed="56" gold="322" gold_all="632" gold_infinite="0" healed="0" heart_containers="0" hp="100" items="7" kicks="0" killed_by=" | damage from material: acid" killed_by_extra="" places_visited="3" playtime="809.85" playtime_str="0:13:29" projectiles_shot="500" streaks="0" teleports="0" wands_edited="2" world_seed="355266592" >
  </stats>
  <biome_baseline biomes_visited_with_wands="2" damage_taken="2.8757" dead="0" death_count="0" death_pos.x="0" death_pos.y="0" enemies_killed="38" gold="80" gold_all="390" gold_infinite="0" healed="0" heart_containers="0" hp="100" items="5" kicks="0" killed_by="" killed_by_extra="" places_visited="2" playtime="549.833" playtime_str="0:09:09" projectiles_shot="390" streaks="0" teleports="0" wands_edited="2" world_seed="355266592" >
  </biome_baseline>
  <item_map>
  </item_map>
  <biomes_visited>
    <E key="$biome_coalmine" value="1" >
    </E>
    <E key="$biome_excavationsite" value="1" >
    </E>
    <E key="$biome_holymountain" value="1" >
    </E>
  </biomes_visited>
</Stats>
