<Stats deaths="1" kills="24" player_kills="0" player_projectile_count="0" >
  <death_map>
    <E key="shotgunner | $damage_projectile" value="1" >
    </E>
  </death_map>
  <kill_map>
    <E key="bat" value="4" >
    </E>
    <E key="longleg" value="6" >
    </E>
    <E key="miner" value="1" >
    </E>
    <E key="miner_weak" value="1" >
    </E>
    <E key="rat" value="1" >
    </E>
    <E key="shotgunner" value="3" >
    </E>
    <E key="slimeshooter_weak" value="2" >
    </E>
    <E key="zombie_weak" value="6" >
    </E>
  </kill_map>
</Stats>
