<Stats BUILD_NAME="Noita-Build-Apr  8 2024-18:11:27" >
  <stats biomes_visited_with_wands="4" damage_taken="14.1036" dead="1" death_count="0" death_pos.x="-995.909" death_pos.y="4137.96" enemies_killed="34" gold="276" gold_all="801" gold_infinite="0" healed="0" heart_containers="0" hp="100" items="12" kicks="0" killed_by="Haulikkohiisi | projectile" killed_by_extra="" places_visited="4" playtime="1124.38" playtime_str="0:18:44" projectiles_shot="376" streaks="0" teleports="0" wands_edited="3" world_seed="216373818" >
  </stats>
  <biome_baseline biomes_visited_with_wands="3" damage_taken="8.11698" dead="0" death_count="0" death_pos.x="0" death_pos.y="0" enemies_killed="34" gold="36" gold_all="561" gold_infinite="0" healed="0" heart_containers="0" hp="100" items="12" kicks="0" killed_by="" killed_by_extra="" places_visited="3" playtime="861.567" playtime_str="0:14:21" projectiles_shot="289" streaks="0" teleports="0" wands_edited="3" world_seed="216373818" >
  </biome_baseline>
  <item_map>
  </item_map>
  <biomes_visited>
    <E key="$biome_coalmine" value="1" >
    </E>
    <E key="$biome_excavationsite" value="1" >
    </E>
    <E key="$biome_holymountain" value="1" >
    </E>
    <E key="$biome_snowcave" value="1" >
    </E>
  </biomes_visited>
</Stats>
