<Stats BUILD_NAME="Noita-Build-Apr  8 2024-18:11:27" >
  <stats biomes_visited_with_wands="2" damage_taken="8.53772" dead="1" death_count="0" death_pos.x="1125.8" death_pos.y="1979.13" enemies_killed="19" gold="136" gold_all="356" gold_infinite="0" healed="0" heart_containers="0" hp="100" items="4" kicks="1" killed_by="Suurlepakko | melee" killed_by_extra="" places_visited="2" playtime="471.017" playtime_str="0:07:51" projectiles_shot="552" streaks="0" teleports="0" wands_edited="0" world_seed="387383079" >
  </stats>
  <biome_baseline biomes_visited_with_wands="1" damage_taken="3.85772" dead="0" death_count="0" death_pos.x="0" death_pos.y="0" enemies_killed="13" gold="56" gold_all="276" gold_infinite="0" healed="0" heart_containers="0" hp="100" items="3" kicks="1" killed_by="" killed_by_extra="" places_visited="1" playtime="354.467" playtime_str="0:05:54" projectiles_shot="344" streaks="0" teleports="0" wands_edited="0" world_seed="387383079" >
  </biome_baseline>
  <item_map>
  </item_map>
  <biomes_visited>
    <E key="$biome_excavationsite" value="1" >
    </E>
    <E key="$biome_holymountain" value="1" >
    </E>
  </biomes_visited>
</Stats>
