<Stats BUILD_NAME="Noita-Build-Apr  8 2024-18:11:27" >
  <stats biomes_visited_with_wands="3" damage_taken="7.77394" dead="1" death_count="0" death_pos.x="1252.91" death_pos.y="2415" enemies_killed="27" gold="217" gold_all="367" gold_infinite="0" healed="0" heart_containers="0" hp="100" items="2" kicks="0" killed_by=" | damage from material: lava" killed_by_extra="" places_visited="3" playtime="456.2" playtime_str="0:07:36" projectiles_shot="228" streaks="0" teleports="0" wands_edited="0" world_seed="1669600369" >
  </stats>
  <biome_baseline biomes_visited_with_wands="2" damage_taken="3.32694" dead="0" death_count="0" death_pos.x="0" death_pos.y="0" enemies_killed="16" gold="102" gold_all="252" gold_infinite="0" healed="0" heart_containers="0" hp="100" items="2" kicks="0" killed_by="" killed_by_extra="" places_visited="2" playtime="313.733" playtime_str="0:05:13" projectiles_shot="127" streaks="0" teleports="0" wands_edited="0" world_seed="1669600369" >
  </biome_baseline>
  <item_map>
  </item_map>
  <biomes_visited>
    <E key="$biome_coalmine" value="1" >
    </E>
    <E key="$biome_excavationsite" value="1" >
    </E>
    <E key="$biome_holymountain" value="1" >
    </E>
  </biomes_visited>
</Stats>
