<Stats deaths="1" kills="34" player_kills="0" player_projectile_count="0" >
  <death_map>
    <E key="NULL | $damage_projectile" value="1" >
    </E>
  </death_map>
  <kill_map>
    <E key="bat" value="2" >
    </E>
    <E key="drone_lasership" value="1" >
    </E>
    <E key="firebug" value="4" >
    </E>
    <E key="firemage_weak" value="1" >
    </E>
    <E key="fish" value="1" >
    </E>
    <E key="homunculus" value="1" >
    </E>
    <E key="iceskull" value="1" >
    </E>
    <E key="longleg" value="7" >
    </E>
    <E key="miner_weak" value="1" >
    </E>
    <E key="pebble_physics" value="1" >
    </E>
    <E key="rat" value="1" >
    </E>
    <E key="scavenger_grenade" value="3" >
    </E>
    <E key="shotgunner" value="4" >
    </E>
    <E key="shotgunner_weak" value="2" >
    </E>
    <E key="slimeshooter" value="1" >
    </E>
    <E key="slimeshooter_weak" value="1" >
    </E>
    <E key="zombie_weak" value="2" >
    </E>
  </kill_map>
</Stats>
