<Stats BUILD_NAME="Noita-Build-Apr  8 2024-18:11:27" >
  <stats biomes_visited_with_wands="3" damage_taken="3.50284" dead="1" death_count="0" death_pos.x="23.8955" death_pos.y="1418" enemies_killed="32" gold="241" gold_all="431" gold_infinite="0" healed="0" heart_containers="0" hp="100" items="8" kicks="1" killed_by="" killed_by_extra="" places_visited="3" playtime="591.917" playtime_str="0:09:51" projectiles_shot="314" streaks="0" teleports="0" wands_edited="1" world_seed="2109406555" >
  </stats>
  <biome_baseline biomes_visited_with_wands="0" damage_taken="0" dead="0" death_count="0" death_pos.x="0" death_pos.y="0" enemies_killed="0" gold="0" gold_all="0" gold_infinite="0" healed="0" heart_containers="0" hp="100" items="0" kicks="0" killed_by="" killed_by_extra="" places_visited="0" playtime="0" playtime_str="" projectiles_shot="0" streaks="0" teleports="0" wands_edited="0" world_seed="0" >
  </biome_baseline>
  <item_map>
  </item_map>
  <biomes_visited>
    <E key="$biome_coalmine" value="1" >
    </E>
    <E key="$biome_coalmine_alt" value="1" >
    </E>
    <E key="$biome_holymountain" value="1" >
    </E>
  </biomes_visited>
</Stats>
