<Stats deaths="1" kills="38" player_kills="0" player_projectile_count="0" >
  <death_map>
    <E key="fly | $damage_melee" value="1" >
    </E>
  </death_map>
  <kill_map>
    <E key="acidshooter_weak" value="1" >
    </E>
    <E key="acidshot" value="3" >
    </E>
    <E key="bat" value="3" >
    </E>
    <E key="bigbat" value="1" >
    </E>
    <E key="bigfirebug" value="1" >
    </E>
    <E key="firebug" value="4" >
    </E>
    <E key="firemage_weak" value="1" >
    </E>
    <E key="longleg" value="2" >
    </E>
    <E key="mine" value="2" >
    </E>
    <E key="miner" value="1" >
    </E>
    <E key="miner_weak" value="4" >
    </E>
    <E key="rat" value="1" >
    </E>
    <E key="shotgunner" value="3" >
    </E>
    <E key="shotgunner_weak" value="1" >
    </E>
    <E key="slimeshooter" value="2" >
    </E>
    <E key="slimeshooter_weak" value="1" >
    </E>
    <E key="slimespirit" value="1" >
    </E>
    <E key="zombie_weak" value="6" >
    </E>
  </kill_map>
</Stats>
