<Stats deaths="1" kills="45" player_kills="0" player_projectile_count="0" >
  <death_map>
    <E key="orb_laseremitter_cutter | $damage_plasmabeam" value="1" >
    </E>
  </death_map>
  <kill_map>
    <E key="blob" value="1" >
    </E>
    <E key="bloom" value="1" >
    </E>
    <E key="drone_lasership" value="2" >
    </E>
    <E key="firebug" value="2" >
    </E>
    <E key="fly" value="8" >
    </E>
    <E key="longleg" value="1" >
    </E>
    <E key="lukki_longleg" value="3" >
    </E>
    <E key="miner" value="1" >
    </E>
    <E key="miner_weak" value="3" >
    </E>
    <E key="miniblob" value="5" >
    </E>
    <E key="physics_torch_stand" value="1" >
    </E>
    <E key="scavenger_grenade" value="2" >
    </E>
    <E key="scavenger_poison" value="1" >
    </E>
    <E key="scavenger_smg" value="3" >
    </E>
    <E key="shotgunner" value="2" >
    </E>
    <E key="shotgunner_weak" value="1" >
    </E>
    <E key="tank" value="1" >
    </E>
    <E key="zombie_weak" value="7" >
    </E>
  </kill_map>
</Stats>
