<Stats deaths="1" kills="24" player_kills="0" player_projectile_count="0" >
  <death_map>
    <E key="NULL | damage from material: lava" value="1" >
    </E>
  </death_map>
  <kill_map>
    <E key="dripping_water" value="1" >
    </E>
    <E key="egg_monster" value="1" >
    </E>
    <E key="firebug" value="10" >
    </E>
    <E key="firebugnest" value="1" >
    </E>
    <E key="longleg" value="3" >
    </E>
    <E key="miner_weak" value="3" >
    </E>
    <E key="shotgunner_weak" value="1" >
    </E>
    <E key="slimeshooter_weak" value="4" >
    </E>
  </kill_map>
</Stats>
