<Stats BUILD_NAME="Noita-Build-Apr 30 2024-14:49:50" >
  <stats biomes_visited_with_wands="3" damage_taken="8.02755" dead="1" death_count="0" death_pos.x="-378.056" death_pos.y="2070.27" enemies_killed="24" gold="52" gold_all="247" gold_infinite="0" healed="0" heart_containers="0" hp="100" items="17" kicks="3" killed_by=" | electricity" killed_by_extra="" places_visited="3" playtime="646.383" playtime_str="0:10:46" projectiles_shot="424" streaks="0" teleports="0" wands_edited="4" world_seed="2142668858" >
  </stats>
  <biome_baseline biomes_visited_with_wands="2" damage_taken="3.86182" dead="0" death_count="0" death_pos.x="0" death_pos.y="0" enemies_killed="17" gold="4" gold_all="199" gold_infinite="0" healed="0" heart_containers="0" hp="100" items="14" kicks="3" killed_by="" killed_by_extra="" places_visited="2" playtime="513.1" playtime_str="0:08:33" projectiles_shot="368" streaks="0" teleports="0" wands_edited="4" world_seed="2142668858" >
  </biome_baseline>
  <item_map>
  </item_map>
  <biomes_visited>
    <E key="$biome_coalmine" value="1" >
    </E>
    <E key="$biome_excavationsite" value="1" >
    </E>
    <E key="$biome_holymountain" value="1" >
    </E>
  </biomes_visited>
</Stats>
