<Stats deaths="0" kills="47" player_kills="0" player_projectile_count="0" >
  <death_map>
  </death_map>
  <kill_map>
    <E key="alchemist" value="1" >
    </E>
    <E key="bat" value="4" >
    </E>
    <E key="cocktail" value="1" >
    </E>
    <E key="firebug" value="7" >
    </E>
    <E key="firebugnest" value="1" >
    </E>
    <E key="goblin_bomb" value="1" >
    </E>
    <E key="longleg" value="10" >
    </E>
    <E key="miner" value="2" >
    </E>
    <E key="miner_weak" value="6" >
    </E>
    <E key="scavenger_grenade" value="2" >
    </E>
    <E key="shotgunner" value="5" >
    </E>
    <E key="slimeshooter_weak" value="2" >
    </E>
    <E key="tnt" value="1" >
    </E>
    <E key="zombie_weak" value="4" >
    </E>
  </kill_map>
</Stats>
