<Stats BUILD_NAME="Noita-Build-Apr 30 2024-14:49:50" >
  <stats biomes_visited_with_wands="6" damage_taken="25.6126" dead="1" death_count="0" death_pos.x="211.144" death_pos.y="7688.97" enemies_killed="60" gold="448" gold_all="943" gold_infinite="0" healed="0" heart_containers="0" hp="100" items="17" kicks="0" killed_by="Minä | fire" killed_by_extra="" places_visited="6" playtime="1248.82" playtime_str="0:20:48" projectiles_shot="1288" streaks="0" teleports="50" wands_edited="6" world_seed="22966155" >
  </stats>
  <biome_baseline biomes_visited_with_wands="5" damage_taken="18.7734" dead="0" death_count="0" death_pos.x="0" death_pos.y="0" enemies_killed="53" gold="248" gold_all="743" gold_infinite="0" healed="0" heart_containers="0" hp="100" items="16" kicks="0" killed_by="" killed_by_extra="" places_visited="5" playtime="1185.15" playtime_str="0:19:45" projectiles_shot="1041" streaks="0" teleports="40" wands_edited="6" world_seed="22966155" >
  </biome_baseline>
  <item_map>
  </item_map>
  <biomes_visited>
    <E key="$biome_coalmine" value="1" >
    </E>
    <E key="$biome_excavationsite" value="1" >
    </E>
    <E key="$biome_holymountain" value="1" >
    </E>
    <E key="$biome_rainforest" value="1" >
    </E>
    <E key="$biome_snowcastle" value="1" >
    </E>
    <E key="$biome_snowcave" value="1" >
    </E>
  </biomes_visited>
</Stats>
