<Stats BUILD_NAME="Noita-Build-Apr  8 2024-18:11:27" >
  <stats biomes_visited_with_wands="4" damage_taken="13.7211" dead="1" death_count="0" death_pos.x="-849" death_pos.y="4129.18" enemies_killed="80" gold="624" gold_all="1094" gold_infinite="0" healed="0" heart_containers="0" hp="100" items="7" kicks="5" killed_by=" | explosion" killed_by_extra="" places_visited="4" playtime="1004.33" playtime_str="0:16:44" projectiles_shot="713" streaks="0" teleports="0" wands_edited="0" world_seed="748204434" >
  </stats>
  <biome_baseline biomes_visited_with_wands="3" damage_taken="5.62766" dead="0" death_count="0" death_pos.x="0" death_pos.y="0" enemies_killed="49" gold="94" gold_all="564" gold_infinite="0" healed="0" heart_containers="0" hp="100" items="7" kicks="5" killed_by="" killed_by_extra="" places_visited="3" playtime="629.167" playtime_str="0:10:29" projectiles_shot="343" streaks="0" teleports="0" wands_edited="0" world_seed="748204434" >
  </biome_baseline>
  <item_map>
  </item_map>
  <biomes_visited>
    <E key="$biome_coalmine" value="1" >
    </E>
    <E key="$biome_excavationsite" value="1" >
    </E>
    <E key="$biome_holymountain" value="1" >
    </E>
    <E key="$biome_snowcave" value="1" >
    </E>
  </biomes_visited>
</Stats>
