<Stats BUILD_NAME="Noita-Build-Apr  8 2024-18:11:27" >
  <stats biomes_visited_with_wands="1" damage_taken="6.683" dead="1" death_count="0" death_pos.x="522.084" death_pos.y="454.847" enemies_killed="3" gold="0" gold_all="0" gold_infinite="0" healed="0" heart_containers="0" hp="100" items="1" kicks="1" killed_by=" | damage from material: lava" killed_by_extra=", while polymorphed to Neva-Aave" places_visited="1" playtime="147.617" playtime_str="0:02:27" projectiles_shot="48" streaks="0" teleports="0" wands_edited="0" world_seed="881401997" >
  </stats>
  <biome_baseline biomes_visited_with_wands="0" damage_taken="0" dead="0" death_count="0" death_pos.x="0" death_pos.y="0" enemies_killed="0" gold="0" gold_all="0" gold_infinite="0" healed="0" heart_containers="0" hp="100" items="0" kicks="0" killed_by="" killed_by_extra="" places_visited="0" playtime="0" playtime_str="" projectiles_shot="0" streaks="0" teleports="0" wands_edited="0" world_seed="0" >
  </biome_baseline>
  <item_map>
  </item_map>
  <biomes_visited>
    <E key="$biome_coalmine" value="1" >
    </E>
  </biomes_visited>
</Stats>
