<Stats deaths="1" kills="40" player_kills="0" player_projectile_count="0" >
  <death_map>
    <E key="bigfirebug | $damage_melee" value="1" >
    </E>
  </death_map>
  <kill_map>
    <E key="bat" value="1" >
    </E>
    <E key="firebug" value="4" >
    </E>
    <E key="goblin_bomb" value="1" >
    </E>
    <E key="longleg" value="10" >
    </E>
    <E key="miner" value="1" >
    </E>
    <E key="miner_weak" value="3" >
    </E>
    <E key="shotgunner" value="2" >
    </E>
    <E key="shotgunner_weak" value="3" >
    </E>
    <E key="slimeshooter" value="2" >
    </E>
    <E key="slimeshooter_weak" value="5" >
    </E>
    <E key="zombie_weak" value="8" >
    </E>
  </kill_map>
</Stats>
