<Stats BUILD_NAME="Noita-Build-Apr  8 2024-18:11:27" >
  <stats biomes_visited_with_wands="4" damage_taken="10.4727" dead="1" death_count="0" death_pos.x="-63.0024" death_pos.y="2963.16" enemies_killed="47" gold="87" gold_all="557" gold_infinite="0" healed="0" heart_containers="0" hp="100" items="10" kicks="15" killed_by=" | explosion" killed_by_extra="" places_visited="4" playtime="908.517" playtime_str="0:15:08" projectiles_shot="565" streaks="0" teleports="0" wands_edited="5" world_seed="1399162232" >
  </stats>
  <biome_baseline biomes_visited_with_wands="2" damage_taken="3.31666" dead="0" death_count="0" death_pos.x="0" death_pos.y="0" enemies_killed="30" gold="196" gold_all="306" gold_infinite="0" healed="0" heart_containers="0" hp="100" items="6" kicks="1" killed_by="" killed_by_extra="" places_visited="2" playtime="481.6" playtime_str="0:08:01" projectiles_shot="363" streaks="0" teleports="0" wands_edited="2" world_seed="1399162232" >
  </biome_baseline>
  <item_map>
  </item_map>
  <biomes_visited>
    <E key="$biome_coalmine" value="1" >
    </E>
    <E key="$biome_excavationsite" value="1" >
    </E>
    <E key="$biome_fungicave" value="1" >
    </E>
    <E key="$biome_holymountain" value="1" >
    </E>
  </biomes_visited>
</Stats>
