<Stats BUILD_NAME="Noita-Build-Apr  8 2024-18:11:27" >
  <stats biomes_visited_with_wands="3" damage_taken="9.23033" dead="1" death_count="0" death_pos.x="1656" death_pos.y="2366" enemies_killed="44" gold="394" gold_all="584" gold_infinite="0" healed="0" heart_containers="0" hp="100" items="14" kicks="2" killed_by="Suurtulikärpänen | fire" killed_by_extra="" places_visited="3" playtime="1018.72" playtime_str="0:16:58" projectiles_shot="847" streaks="0" teleports="0" wands_edited="4" world_seed="382737043" >
  </stats>
  <biome_baseline biomes_visited_with_wands="2" damage_taken="3.65154" dead="0" death_count="0" death_pos.x="0" death_pos.y="0" enemies_killed="27" gold="160" gold_all="350" gold_infinite="0" healed="0" heart_containers="0" hp="100" items="12" kicks="2" killed_by="" killed_by_extra="" places_visited="2" playtime="637.633" playtime_str="0:10:37" projectiles_shot="389" streaks="0" teleports="0" wands_edited="4" world_seed="382737043" >
  </biome_baseline>
  <item_map>
  </item_map>
  <biomes_visited>
    <E key="$biome_coalmine" value="1" >
    </E>
    <E key="$biome_excavationsite" value="1" >
    </E>
    <E key="$biome_holymountain" value="1" >
    </E>
  </biomes_visited>
</Stats>
