<Stats deaths="1" kills="89" player_kills="0" player_projectile_count="0" >
  <death_map>
    <E key="NULL | $damage_fire" value="1" >
    </E>
  </death_map>
  <kill_map>
    <E key="bat" value="13" >
    </E>
    <E key="drone_lasership" value="1" >
    </E>
    <E key="firebug" value="5" >
    </E>
    <E key="fireskull" value="1" >
    </E>
    <E key="giant" value="1" >
    </E>
    <E key="goblin_bomb" value="2" >
    </E>
    <E key="iceskull" value="3" >
    </E>
    <E key="longleg" value="2" >
    </E>
    <E key="miner" value="2" >
    </E>
    <E key="miner_weak" value="1" >
    </E>
    <E key="pebble_physics" value="4" >
    </E>
    <E key="rat" value="11" >
    </E>
    <E key="scavenger_glue" value="1" >
    </E>
    <E key="scavenger_grenade" value="12" >
    </E>
    <E key="scavenger_heal" value="1" >
    </E>
    <E key="scavenger_leader" value="1" >
    </E>
    <E key="scavenger_smg" value="6" >
    </E>
    <E key="shotgunner" value="8" >
    </E>
    <E key="shotgunner_weak" value="1" >
    </E>
    <E key="slimeshooter" value="2" >
    </E>
    <E key="sniper" value="2" >
    </E>
    <E key="thunderskull" value="1" >
    </E>
    <E key="zombie_weak" value="8" >
    </E>
  </kill_map>
</Stats>
