<Stats deaths="1" kills="17" player_kills="0" player_projectile_count="0" >
  <death_map>
    <E key="firebug | $damage_fire" value="1" >
    </E>
  </death_map>
  <kill_map>
    <E key="firebug" value="2" >
    </E>
    <E key="longleg" value="2" >
    </E>
    <E key="miner_weak" value="1" >
    </E>
    <E key="sheep" value="1" >
    </E>
    <E key="shotgunner_weak" value="4" >
    </E>
    <E key="zombie_weak" value="7" >
    </E>
  </kill_map>
</Stats>
