<Stats BUILD_NAME="Noita-Build-Apr  8 2024-18:11:27" >
  <stats biomes_visited_with_wands="3" damage_taken="8.49252" dead="1" death_count="0" death_pos.x="-717.749" death_pos.y="1950.8" enemies_killed="24" gold="254" gold_all="254" gold_infinite="0" healed="0" heart_containers="0" hp="100" items="3" kicks="26" killed_by="Limanuljaska | projectile" killed_by_extra="" places_visited="3" playtime="582.95" playtime_str="0:09:42" projectiles_shot="502" streaks="0" teleports="0" wands_edited="2" world_seed="467545171" >
  </stats>
  <biome_baseline biomes_visited_with_wands="2" damage_taken="2.90433" dead="0" death_count="0" death_pos.x="0" death_pos.y="0" enemies_killed="13" gold="100" gold_all="100" gold_infinite="0" healed="0" heart_containers="0" hp="100" items="3" kicks="26" killed_by="" killed_by_extra="" places_visited="2" playtime="414.25" playtime_str="0:06:54" projectiles_shot="342" streaks="0" teleports="0" wands_edited="2" world_seed="467545171" >
  </biome_baseline>
  <item_map>
  </item_map>
  <biomes_visited>
    <E key="$biome_coalmine" value="1" >
    </E>
    <E key="$biome_excavationsite" value="1" >
    </E>
    <E key="$biome_holymountain" value="1" >
    </E>
  </biomes_visited>
</Stats>
