<Stats deaths="1" kills="35" player_kills="0" player_projectile_count="0" >
  <death_map>
    <E key="shotgunner | $damage_projectile" value="1" >
    </E>
  </death_map>
  <kill_map>
    <E key="firebug" value="2" >
    </E>
    <E key="longleg" value="4" >
    </E>
    <E key="miner" value="3" >
    </E>
    <E key="miner_weak" value="7" >
    </E>
    <E key="pebble_physics" value="1" >
    </E>
    <E key="scavenger_grenade" value="1" >
    </E>
    <E key="scavenger_smg" value="1" >
    </E>
    <E key="shotgunner" value="5" >
    </E>
    <E key="shotgunner_weak" value="1" >
    </E>
    <E key="slimeshooter" value="1" >
    </E>
    <E key="slimeshooter_weak" value="1" >
    </E>
    <E key="sniper" value="2" >
    </E>
    <E key="thundermage" value="1" >
    </E>
    <E key="zombie_weak" value="5" >
    </E>
  </kill_map>
</Stats>
