<Stats BUILD_NAME="Noita-Build-Apr  8 2024-18:11:27" >
  <stats biomes_visited_with_wands="4" damage_taken="15.1897" dead="1" death_count="0" death_pos.x="-1377.21" death_pos.y="3556.19" enemies_killed="51" gold="895" gold_all="1285" gold_infinite="0" healed="0" heart_containers="0" hp="100" items="7" kicks="7" killed_by="Kranuhiisi | projectile" killed_by_extra="" places_visited="4" playtime="891.1" playtime_str="0:14:51" projectiles_shot="2137" streaks="0" teleports="0" wands_edited="0" world_seed="1408974482" >
  </stats>
  <biome_baseline biomes_visited_with_wands="3" damage_taken="7.43959" dead="0" death_count="0" death_pos.x="0" death_pos.y="0" enemies_killed="32" gold="475" gold_all="865" gold_infinite="0" healed="0" heart_containers="0" hp="100" items="6" kicks="7" killed_by="" killed_by_extra="" places_visited="3" playtime="802.067" playtime_str="0:13:22" projectiles_shot="1853" streaks="0" teleports="0" wands_edited="0" world_seed="1408974482" >
  </biome_baseline>
  <item_map>
  </item_map>
  <biomes_visited>
    <E key="$biome_coalmine" value="1" >
    </E>
    <E key="$biome_excavationsite" value="1" >
    </E>
    <E key="$biome_holymountain" value="1" >
    </E>
    <E key="$biome_snowcave" value="1" >
    </E>
  </biomes_visited>
</Stats>
